id,latency,start,end,client
0,0.09119319915771484,1685206692.0289645,1685206692.1201577,ThreadPoolExecutor-1_0
1,0.0919499397277832,1685206692.0397851,1685206692.131735,ThreadPoolExecutor-1_2
2,0.10457849502563477,1685206692.0325382,1685206692.1371167,ThreadPoolExecutor-1_1
3,0.10426449775695801,1685206692.0457468,1685206692.1500113,ThreadPoolExecutor-1_3
4,0.09808874130249023,1685206692.1201577,1685206692.2182465,ThreadPoolExecutor-1_0
5,0.08601808547973633,1685206692.137193,1685206692.223211,ThreadPoolExecutor-1_1
6,0.09533548355102539,1685206692.1329105,1685206692.228246,ThreadPoolExecutor-1_2
7,0.0852041244506836,1685206692.1500113,1685206692.2352154,ThreadPoolExecutor-1_3
8,0.0864100456237793,1685206692.2183752,1685206692.3047853,ThreadPoolExecutor-1_0
9,0.08591556549072266,1685206692.223211,1685206692.3091266,ThreadPoolExecutor-1_1
10,0.0873725414276123,1685206692.228246,1685206692.3156185,ThreadPoolExecutor-1_2
11,0.0887453556060791,1685206692.2352154,1685206692.3239608,ThreadPoolExecutor-1_3
12,0.08339071273803711,1685206692.3047853,1685206692.388176,ThreadPoolExecutor-1_0
13,0.08698511123657227,1685206692.3091266,1685206692.3961117,ThreadPoolExecutor-1_1
14,0.08442902565002441,1685206692.3249621,1685206692.4093912,ThreadPoolExecutor-1_3
15,0.09626173973083496,1685206692.3156185,1685206692.4118803,ThreadPoolExecutor-1_2
16,0.0848395824432373,1685206692.3893259,1685206692.4741654,ThreadPoolExecutor-1_0
17,0.09983515739440918,1685206692.3971298,1685206692.496965,ThreadPoolExecutor-1_1
18,0.09502601623535156,1685206692.4118803,1685206692.5069063,ThreadPoolExecutor-1_2
19,0.1046457290649414,1685206692.4098837,1685206692.5145295,ThreadPoolExecutor-1_3
20,0.08069229125976562,1685206692.4748585,1685206692.5555508,ThreadPoolExecutor-1_0
21,0.0998387336730957,1685206692.496965,1685206692.5968037,ThreadPoolExecutor-1_1
22,0.10022854804992676,1685206692.5069063,1685206692.6071348,ThreadPoolExecutor-1_2
23,0.09660649299621582,1685206692.5145295,1685206692.611136,ThreadPoolExecutor-1_3
24,0.07846355438232422,1685206692.5565333,1685206692.634997,ThreadPoolExecutor-1_0
25,0.08887028694152832,1685206692.5968037,1685206692.685674,ThreadPoolExecutor-1_1
26,0.08620858192443848,1685206692.611136,1685206692.6973445,ThreadPoolExecutor-1_3
27,0.10015368461608887,1685206692.6071348,1685206692.7072885,ThreadPoolExecutor-1_2
28,0.08180761337280273,1685206692.634997,1685206692.7168045,ThreadPoolExecutor-1_0
29,0.08469438552856445,1685206692.685674,1685206692.7703683,ThreadPoolExecutor-1_1
30,0.08888721466064453,1685206692.6973445,1685206692.7862318,ThreadPoolExecutor-1_3
31,0.09284734725952148,1685206692.7072885,1685206692.8001359,ThreadPoolExecutor-1_2
32,0.08761477470397949,1685206692.7173216,1685206692.8049364,ThreadPoolExecutor-1_0
33,0.08586716651916504,1685206692.7703683,1685206692.8562355,ThreadPoolExecutor-1_1
34,0.08861207962036133,1685206692.7872756,1685206692.8758876,ThreadPoolExecutor-1_3
35,0.09557795524597168,1685206692.8008943,1685206692.8964722,ThreadPoolExecutor-1_2
36,0.09642243385314941,1685206692.8049364,1685206692.9013588,ThreadPoolExecutor-1_0
37,0.08801531791687012,1685206692.8570116,1685206692.9450269,ThreadPoolExecutor-1_1
38,0.08013319969177246,1685206692.8758876,1685206692.9560208,ThreadPoolExecutor-1_3
39,0.08876395225524902,1685206692.9013588,1685206692.9901228,ThreadPoolExecutor-1_0
40,0.10115194320678711,1685206692.8968878,1685206692.9980397,ThreadPoolExecutor-1_2
41,0.08308529853820801,1685206692.9450269,1685206693.0281122,ThreadPoolExecutor-1_1
42,0.08180832862854004,1685206692.9560208,1685206693.0378292,ThreadPoolExecutor-1_3
43,0.08901643753051758,1685206692.9910262,1685206693.0800426,ThreadPoolExecutor-1_0
44,0.08571910858154297,1685206692.9980397,1685206693.0837588,ThreadPoolExecutor-1_2
45,0.08333754539489746,1685206693.0281122,1685206693.1114497,ThreadPoolExecutor-1_1
46,0.08220958709716797,1685206693.0378292,1685206693.1200387,ThreadPoolExecutor-1_3
47,0.08255243301391602,1685206693.08047,1685206693.1630225,ThreadPoolExecutor-1_0
48,0.08823013305664062,1685206693.0837588,1685206693.171989,ThreadPoolExecutor-1_2
49,0.08194971084594727,1685206693.1115391,1685206693.1934888,ThreadPoolExecutor-1_1
50,0.08144593238830566,1685206693.1210427,1685206693.2024887,ThreadPoolExecutor-1_3
51,0.07978034019470215,1685206693.164021,1685206693.2438014,ThreadPoolExecutor-1_0
52,0.0872495174407959,1685206693.171989,1685206693.2592385,ThreadPoolExecutor-1_2
53,0.08005833625793457,1685206693.1938274,1685206693.2738857,ThreadPoolExecutor-1_1
54,0.08139610290527344,1685206693.2024887,1685206693.2838848,ThreadPoolExecutor-1_3
55,0.07711505889892578,1685206693.2438014,1685206693.3209164,ThreadPoolExecutor-1_0
56,0.08343696594238281,1685206693.2594035,1685206693.3428404,ThreadPoolExecutor-1_2
57,0.08173394203186035,1685206693.2738857,1685206693.3556197,ThreadPoolExecutor-1_1
58,0.08524656295776367,1685206693.2844815,1685206693.369728,ThreadPoolExecutor-1_3
59,0.0782773494720459,1685206693.3209164,1685206693.3991938,ThreadPoolExecutor-1_0
60,0.0824887752532959,1685206693.3436825,1685206693.4261713,ThreadPoolExecutor-1_2
61,0.08106327056884766,1685206693.3566213,1685206693.4376845,ThreadPoolExecutor-1_1
62,0.08233642578125,1685206693.3708744,1685206693.4532108,ThreadPoolExecutor-1_3
63,0.07793712615966797,1685206693.3991938,1685206693.477131,ThreadPoolExecutor-1_0
64,0.08491873741149902,1685206693.427179,1685206693.5120978,ThreadPoolExecutor-1_2
65,0.08539032936096191,1685206693.4377658,1685206693.5231562,ThreadPoolExecutor-1_1
66,0.08219718933105469,1685206693.4532108,1685206693.535408,ThreadPoolExecutor-1_3
67,0.08158516883850098,1685206693.478225,1685206693.5598102,ThreadPoolExecutor-1_0
68,0.08047962188720703,1685206693.512392,1685206693.5928717,ThreadPoolExecutor-1_2
69,0.08298373222351074,1685206693.5231562,1685206693.60614,ThreadPoolExecutor-1_1
70,0.08233404159545898,1685206693.535408,1685206693.617742,ThreadPoolExecutor-1_3
71,0.07438778877258301,1685206693.559965,1685206693.6343527,ThreadPoolExecutor-1_0
72,0.07203292846679688,1685206693.5928717,1685206693.6649046,ThreadPoolExecutor-1_2
73,0.07774662971496582,1685206693.60614,1685206693.6838865,ThreadPoolExecutor-1_1
74,0.07649350166320801,1685206693.617742,1685206693.6942356,ThreadPoolExecutor-1_3
75,0.0715782642364502,1685206693.6343527,1685206693.705931,ThreadPoolExecutor-1_0
76,0.07194328308105469,1685206693.6649046,1685206693.7368479,ThreadPoolExecutor-1_2
77,0.0807645320892334,1685206693.6838865,1685206693.764651,ThreadPoolExecutor-1_1
78,0.08273553848266602,1685206693.6942356,1685206693.776971,ThreadPoolExecutor-1_3
79,0.08007025718688965,1685206693.705931,1685206693.7860012,ThreadPoolExecutor-1_0
80,0.07682943344116211,1685206693.7368479,1685206693.8136773,ThreadPoolExecutor-1_2
81,0.08624935150146484,1685206693.764651,1685206693.8509004,ThreadPoolExecutor-1_1
82,0.08593869209289551,1685206693.7779624,1685206693.8639011,ThreadPoolExecutor-1_3
83,0.08620071411132812,1685206693.7869992,1685206693.8732,ThreadPoolExecutor-1_0
84,0.07928586006164551,1685206693.8146114,1685206693.8938973,ThreadPoolExecutor-1_2
85,0.08199954032897949,1685206693.8512676,1685206693.933267,ThreadPoolExecutor-1_1
86,0.07825994491577148,1685206693.8639011,1685206693.942161,ThreadPoolExecutor-1_3
87,0.07951688766479492,1685206693.8737454,1685206693.9532623,ThreadPoolExecutor-1_0
88,0.07463669776916504,1685206693.8942907,1685206693.9689274,ThreadPoolExecutor-1_2
89,0.08426070213317871,1685206693.933267,1685206694.0175278,ThreadPoolExecutor-1_1
90,0.08536577224731445,1685206693.942161,1685206694.0275269,ThreadPoolExecutor-1_3
91,0.08324170112609863,1685206693.9542475,1685206694.0374892,ThreadPoolExecutor-1_0
92,0.07822322845458984,1685206693.9689274,1685206694.0471506,ThreadPoolExecutor-1_2
93,0.0789036750793457,1685206694.0185318,1685206694.0974355,ThreadPoolExecutor-1_1
94,0.08914375305175781,1685206694.0285358,1685206694.1176796,ThreadPoolExecutor-1_3
95,0.09068918228149414,1685206694.0379915,1685206694.1286807,ThreadPoolExecutor-1_0
96,0.08552861213684082,1685206694.0471506,1685206694.1326792,ThreadPoolExecutor-1_2
97,0.07834124565124512,1685206694.0977929,1685206694.176134,ThreadPoolExecutor-1_1
98,0.09349584579467773,1685206694.1176796,1685206694.2111754,ThreadPoolExecutor-1_3
99,0.09347128868103027,1685206694.1286807,1685206694.222152,ThreadPoolExecutor-1_0
100,0.09453129768371582,1685206694.1326792,1685206694.2272105,ThreadPoolExecutor-1_2
101,0.07871508598327637,1685206694.176134,1685206694.2548492,ThreadPoolExecutor-1_1
102,0.08516049385070801,1685206694.211699,1685206694.2968595,ThreadPoolExecutor-1_3
103,0.08590531349182129,1685206694.227946,1685206694.3138514,ThreadPoolExecutor-1_2
104,0.09673452377319336,1685206694.222405,1685206694.3191395,ThreadPoolExecutor-1_0
105,0.07799339294433594,1685206694.2548492,1685206694.3328426,ThreadPoolExecutor-1_1
106,0.08121824264526367,1685206694.2978554,1685206694.3790736,ThreadPoolExecutor-1_3
107,0.09142875671386719,1685206694.3138514,1685206694.40528,ThreadPoolExecutor-1_2
108,0.08906412124633789,1685206694.3191395,1685206694.4082036,ThreadPoolExecutor-1_0
109,0.08325934410095215,1685206694.3328426,1685206694.416102,ThreadPoolExecutor-1_1
110,0.07837414741516113,1685206694.379834,1685206694.458208,ThreadPoolExecutor-1_3
111,0.1209256649017334,1685206694.4082036,1685206694.5291293,ThreadPoolExecutor-1_0
112,0.13267087936401367,1685206694.40528,1685206694.537951,ThreadPoolExecutor-1_2
113,0.12868452072143555,1685206694.416102,1685206694.5447865,ThreadPoolExecutor-1_1
114,0.0905766487121582,1685206694.458208,1685206694.5487847,ThreadPoolExecutor-1_3
115,0.08223724365234375,1685206694.5299542,1685206694.6121914,ThreadPoolExecutor-1_0
116,0.08665966987609863,1685206694.5387414,1685206694.625401,ThreadPoolExecutor-1_2
117,0.08215212821960449,1685206694.5457726,1685206694.6279247,ThreadPoolExecutor-1_1
118,0.08509039878845215,1685206694.5487847,1685206694.6338751,ThreadPoolExecutor-1_3
119,0.08957362174987793,1685206694.6121914,1685206694.701765,ThreadPoolExecutor-1_0
120,0.08834218978881836,1685206694.625401,1685206694.7137432,ThreadPoolExecutor-1_2
121,0.0896756649017334,1685206694.6348696,1685206694.7245452,ThreadPoolExecutor-1_3
122,0.09817671775817871,1685206694.6283872,1685206694.726564,ThreadPoolExecutor-1_1
123,0.08597850799560547,1685206694.701765,1685206694.7877436,ThreadPoolExecutor-1_0
124,0.08503556251525879,1685206694.7137432,1685206694.7987788,ThreadPoolExecutor-1_2
125,0.08573269844055176,1685206694.7276065,1685206694.8133392,ThreadPoolExecutor-1_1
126,0.09423995018005371,1685206694.7245452,1685206694.8187852,ThreadPoolExecutor-1_3
127,0.09115314483642578,1685206694.7878985,1685206694.8790517,ThreadPoolExecutor-1_0
128,0.08675026893615723,1685206694.7987788,1685206694.885529,ThreadPoolExecutor-1_2
129,0.11966419219970703,1685206694.8134332,1685206694.9330974,ThreadPoolExecutor-1_1
130,0.11928033828735352,1685206694.819321,1685206694.9386013,ThreadPoolExecutor-1_3
131,0.07927536964416504,1685206694.8792222,1685206694.9584975,ThreadPoolExecutor-1_0
132,0.08260464668273926,1685206694.885529,1685206694.9681337,ThreadPoolExecutor-1_2
133,0.07865715026855469,1685206694.9330974,1685206695.0117545,ThreadPoolExecutor-1_1
134,0.0815119743347168,1685206694.9386013,1685206695.0201132,ThreadPoolExecutor-1_3
135,0.07737040519714355,1685206694.9584975,1685206695.035868,ThreadPoolExecutor-1_0
136,0.08061099052429199,1685206694.9681337,1685206695.0487447,ThreadPoolExecutor-1_2
137,0.08995366096496582,1685206695.0117545,1685206695.1017082,ThreadPoolExecutor-1_1
138,0.08716416358947754,1685206695.0201132,1685206695.1072774,ThreadPoolExecutor-1_3
139,0.08028054237365723,1685206695.035868,1685206695.1161485,ThreadPoolExecutor-1_0
140,0.08308744430541992,1685206695.0487447,1685206695.1318321,ThreadPoolExecutor-1_2
141,0.07848453521728516,1685206695.1017082,1685206695.1801927,ThreadPoolExecutor-1_1
142,0.0814054012298584,1685206695.1075764,1685206695.1889818,ThreadPoolExecutor-1_3
143,0.08085870742797852,1685206695.1161485,1685206695.1970072,ThreadPoolExecutor-1_0
144,0.08417963981628418,1685206695.1318321,1685206695.2160118,ThreadPoolExecutor-1_2
145,0.0798182487487793,1685206695.1801927,1685206695.260011,ThreadPoolExecutor-1_1
146,0.0850534439086914,1685206695.1889818,1685206695.2740352,ThreadPoolExecutor-1_3
147,0.08376789093017578,1685206695.1980124,1685206695.2817802,ThreadPoolExecutor-1_0
148,0.08523178100585938,1685206695.2160118,1685206695.3012435,ThreadPoolExecutor-1_2
149,0.07978963851928711,1685206695.261011,1685206695.3408005,ThreadPoolExecutor-1_1
150,0.0814366340637207,1685206695.28236,1685206695.3637967,ThreadPoolExecutor-1_0
151,0.09575295448303223,1685206695.2740352,1685206695.3697882,ThreadPoolExecutor-1_3
152,0.08195710182189941,1685206695.3018415,1685206695.3837986,ThreadPoolExecutor-1_2
153,0.0814816951751709,1685206695.3408005,1685206695.4222822,ThreadPoolExecutor-1_1
154,0.08776450157165527,1685206695.3637967,1685206695.4515612,ThreadPoolExecutor-1_0
155,0.08570337295532227,1685206695.3697882,1685206695.4554915,ThreadPoolExecutor-1_3
156,0.08442234992980957,1685206695.38406,1685206695.4684823,ThreadPoolExecutor-1_2
157,0.08243918418884277,1685206695.4229894,1685206695.5054286,ThreadPoolExecutor-1_1
158,0.08854532241821289,1685206695.4515612,1685206695.5401065,ThreadPoolExecutor-1_0
159,0.09761929512023926,1685206695.4554915,1685206695.5531108,ThreadPoolExecutor-1_3
160,0.08862900733947754,1685206695.4684823,1685206695.5571113,ThreadPoolExecutor-1_2
161,0.0788276195526123,1685206695.5054286,1685206695.5842562,ThreadPoolExecutor-1_1
162,0.08115553855895996,1685206695.5401065,1685206695.621262,ThreadPoolExecutor-1_0
163,0.08814096450805664,1685206695.5531108,1685206695.6412518,ThreadPoolExecutor-1_3
164,0.0989532470703125,1685206695.5571113,1685206695.6560645,ThreadPoolExecutor-1_2
165,0.08162379264831543,1685206695.5842562,1685206695.66588,ThreadPoolExecutor-1_1
166,0.1226046085357666,1685206695.621262,1685206695.7438667,ThreadPoolExecutor-1_0
167,0.09189033508300781,1685206695.6560645,1685206695.7479548,ThreadPoolExecutor-1_2
168,0.11450934410095215,1685206695.6418178,1685206695.7563272,ThreadPoolExecutor-1_3
169,0.09243059158325195,1685206695.666528,1685206695.7589586,ThreadPoolExecutor-1_1
170,0.08996057510375977,1685206695.7438667,1685206695.8338273,ThreadPoolExecutor-1_0
171,0.10011863708496094,1685206695.7484927,1685206695.8486114,ThreadPoolExecutor-1_2
172,0.10199260711669922,1685206695.75733,1685206695.8593225,ThreadPoolExecutor-1_3
173,0.10182046890258789,1685206695.7599733,1685206695.8617938,ThreadPoolExecutor-1_1
174,0.07918167114257812,1685206695.8346152,1685206695.913797,ThreadPoolExecutor-1_0
175,0.0982503890991211,1685206695.8486114,1685206695.9468617,ThreadPoolExecutor-1_2
176,0.09590315818786621,1685206695.8593225,1685206695.9552257,ThreadPoolExecutor-1_3
177,0.0993795394897461,1685206695.8617938,1685206695.9611733,ThreadPoolExecutor-1_1
178,0.08088445663452148,1685206695.91429,1685206695.9951744,ThreadPoolExecutor-1_0
179,0.09322905540466309,1685206695.9468617,1685206696.0400908,ThreadPoolExecutor-1_2
180,0.08702898025512695,1685206695.962173,1685206696.049202,ThreadPoolExecutor-1_1
181,0.09785079956054688,1685206695.9552257,1685206696.0530765,ThreadPoolExecutor-1_3
182,0.0765540599822998,1685206695.9951744,1685206696.0717285,ThreadPoolExecutor-1_0
183,0.08510279655456543,1685206696.040984,1685206696.1260867,ThreadPoolExecutor-1_2
184,0.08505845069885254,1685206696.0530765,1685206696.138135,ThreadPoolExecutor-1_3
185,0.0919337272644043,1685206696.049202,1685206696.1411357,ThreadPoolExecutor-1_1
186,0.07440614700317383,1685206696.0717285,1685206696.1461346,ThreadPoolExecutor-1_0
187,0.07776331901550293,1685206696.1260867,1685206696.20385,ThreadPoolExecutor-1_2
188,0.08269143104553223,1685206696.1411357,1685206696.2238271,ThreadPoolExecutor-1_1
189,0.08669233322143555,1685206696.138135,1685206696.2248273,ThreadPoolExecutor-1_3
190,0.08384227752685547,1685206696.1461346,1685206696.229977,ThreadPoolExecutor-1_0
191,0.07410287857055664,1685206696.20385,1685206696.277953,ThreadPoolExecutor-1_2
192,0.0935981273651123,1685206696.2258277,1685206696.3194258,ThreadPoolExecutor-1_3
193,0.0914452075958252,1685206696.229977,1685206696.321422,ThreadPoolExecutor-1_0
194,0.10165786743164062,1685206696.2238271,1685206696.325485,ThreadPoolExecutor-1_1
195,0.07535815238952637,1685206696.277953,1685206696.353311,ThreadPoolExecutor-1_2
196,0.09421038627624512,1685206696.3196974,1685206696.4139078,ThreadPoolExecutor-1_3
197,0.13097262382507324,1685206696.325485,1685206696.4564576,ThreadPoolExecutor-1_1
198,0.14109539985656738,1685206696.321422,1685206696.4625175,ThreadPoolExecutor-1_0
199,0.11149811744689941,1685206696.353311,1685206696.4648092,ThreadPoolExecutor-1_2
200,0.08631682395935059,1685206696.4139078,1685206696.5002246,ThreadPoolExecutor-1_3
201,0.09026288986206055,1685206696.4564576,1685206696.5467205,ThreadPoolExecutor-1_1
202,0.09615850448608398,1685206696.4625175,1685206696.558676,ThreadPoolExecutor-1_0
203,0.10026979446411133,1685206696.4651003,1685206696.56537,ThreadPoolExecutor-1_2
204,0.07871699333190918,1685206696.501226,1685206696.579943,ThreadPoolExecutor-1_3
205,0.0792078971862793,1685206696.5467205,1685206696.6259284,ThreadPoolExecutor-1_1
206,0.08589744567871094,1685206696.558676,1685206696.6445735,ThreadPoolExecutor-1_0
207,0.08720803260803223,1685206696.56537,1685206696.652578,ThreadPoolExecutor-1_2
208,0.08162999153137207,1685206696.579943,1685206696.661573,ThreadPoolExecutor-1_3
209,0.08028912544250488,1685206696.6259284,1685206696.7062175,ThreadPoolExecutor-1_1
210,0.08461928367614746,1685206696.6445735,1685206696.7291927,ThreadPoolExecutor-1_0
211,0.0849161148071289,1685206696.653102,1685206696.738018,ThreadPoolExecutor-1_2
212,0.08506536483764648,1685206696.6620002,1685206696.7470655,ThreadPoolExecutor-1_3
213,0.07923650741577148,1685206696.7062175,1685206696.785454,ThreadPoolExecutor-1_1
214,0.08313703536987305,1685206696.7298465,1685206696.8129835,ThreadPoolExecutor-1_0
215,0.08438777923583984,1685206696.7387207,1685206696.8231084,ThreadPoolExecutor-1_2
216,0.08591961860656738,1685206696.7470655,1685206696.8329852,ThreadPoolExecutor-1_3
217,0.0793149471282959,1685206696.785454,1685206696.864769,ThreadPoolExecutor-1_1
218,0.08029389381408691,1685206696.8140788,1685206696.8943727,ThreadPoolExecutor-1_0
219,0.09007525444030762,1685206696.8233392,1685206696.9134145,ThreadPoolExecutor-1_2
220,0.08669853210449219,1685206696.8329852,1685206696.9196837,ThreadPoolExecutor-1_3
221,0.07491850852966309,1685206696.864769,1685206696.9396875,ThreadPoolExecutor-1_1
222,0.07534646987915039,1685206696.8953567,1685206696.9707031,ThreadPoolExecutor-1_0
223,0.08546733856201172,1685206696.9134145,1685206696.9988818,ThreadPoolExecutor-1_2
224,0.0884101390838623,1685206696.9196837,1685206697.0080938,ThreadPoolExecutor-1_3
225,0.07902717590332031,1685206696.9396875,1685206697.0187147,ThreadPoolExecutor-1_1
226,0.07714104652404785,1685206696.9707031,1685206697.0478442,ThreadPoolExecutor-1_0
227,0.09729838371276855,1685206696.9995291,1685206697.0968275,ThreadPoolExecutor-1_2
228,0.0944979190826416,1685206697.0084612,1685206697.1029592,ThreadPoolExecutor-1_3
229,0.09008002281188965,1685206697.0187147,1685206697.1087947,ThreadPoolExecutor-1_1
230,0.07628917694091797,1685206697.0478442,1685206697.1241333,ThreadPoolExecutor-1_0
231,0.08356070518493652,1685206697.0979805,1685206697.1815412,ThreadPoolExecutor-1_2
232,0.09055304527282715,1685206697.1029592,1685206697.1935122,ThreadPoolExecutor-1_3
233,0.0953836441040039,1685206697.1087947,1685206697.2041783,ThreadPoolExecutor-1_1
234,0.08416199684143066,1685206697.1241333,1685206697.2082953,ThreadPoolExecutor-1_0
235,0.08084607124328613,1685206697.1815412,1685206697.2623873,ThreadPoolExecutor-1_2
236,0.08585882186889648,1685206697.1935122,1685206697.279371,ThreadPoolExecutor-1_3
237,0.08822369575500488,1685206697.2051597,1685206697.2933834,ThreadPoolExecutor-1_1
238,0.09313631057739258,1685206697.2082953,1685206697.3014317,ThreadPoolExecutor-1_0
239,0.08017778396606445,1685206697.2633102,1685206697.343488,ThreadPoolExecutor-1_2
240,0.08346247673034668,1685206697.279704,1685206697.3631666,ThreadPoolExecutor-1_3
241,0.08275079727172852,1685206697.3024366,1685206697.3851874,ThreadPoolExecutor-1_0
242,0.09477496147155762,1685206697.2933834,1685206697.3881583,ThreadPoolExecutor-1_1
243,0.07830357551574707,1685206697.343902,1685206697.4222057,ThreadPoolExecutor-1_2
244,0.0813894271850586,1685206697.3638134,1685206697.4452028,ThreadPoolExecutor-1_3
245,0.08427119255065918,1685206697.3891993,1685206697.4734704,ThreadPoolExecutor-1_1
246,0.09248876571655273,1685206697.3858054,1685206697.4782941,ThreadPoolExecutor-1_0
247,0.07800579071044922,1685206697.4222057,1685206697.5002115,ThreadPoolExecutor-1_2
248,0.0845029354095459,1685206697.4452028,1685206697.5297058,ThreadPoolExecutor-1_3
249,0.0860283374786377,1685206697.4782941,1685206697.5643225,ThreadPoolExecutor-1_0
250,0.09595155715942383,1685206697.4734704,1685206697.569422,ThreadPoolExecutor-1_1
251,0.07909774780273438,1685206697.5012136,1685206697.5803113,ThreadPoolExecutor-1_2
252,0.08038711547851562,1685206697.5297058,1685206697.6100929,ThreadPoolExecutor-1_3
253,0.08498287200927734,1685206697.5646265,1685206697.6496093,ThreadPoolExecutor-1_0
254,0.08910870552062988,1685206697.569422,1685206697.6585307,ThreadPoolExecutor-1_1
255,0.08850717544555664,1685206697.5807042,1685206697.6692114,ThreadPoolExecutor-1_2
256,0.08312535285949707,1685206697.6100929,1685206697.6932182,ThreadPoolExecutor-1_3
257,0.08551025390625,1685206697.6506178,1685206697.736128,ThreadPoolExecutor-1_0
258,0.08858895301818848,1685206697.6588147,1685206697.7474036,ThreadPoolExecutor-1_1
259,0.08043599128723145,1685206697.6695023,1685206697.7499382,ThreadPoolExecutor-1_2
260,0.0823526382446289,1685206697.6932182,1685206697.7755709,ThreadPoolExecutor-1_3
261,0.07701873779296875,1685206697.7368076,1685206697.8138263,ThreadPoolExecutor-1_0
262,0.09360408782958984,1685206697.7480395,1685206697.8416436,ThreadPoolExecutor-1_1
263,0.0978550910949707,1685206697.7499382,1685206697.8477933,ThreadPoolExecutor-1_2
264,0.08583354949951172,1685206697.7759585,1685206697.861792,ThreadPoolExecutor-1_3
265,0.07764840126037598,1685206697.8147566,1685206697.892405,ThreadPoolExecutor-1_0
266,0.0805518627166748,1685206697.8477933,1685206697.9283452,ThreadPoolExecutor-1_2
267,0.09621787071228027,1685206697.8417525,1685206697.9379704,ThreadPoolExecutor-1_1
268,0.08454465866088867,1685206697.8624535,1685206697.9469981,ThreadPoolExecutor-1_3
269,0.07582211494445801,1685206697.892405,1685206697.9682271,ThreadPoolExecutor-1_0
270,0.08756184577941895,1685206697.9389687,1685206698.0265305,ThreadPoolExecutor-1_1
271,0.10438752174377441,1685206697.9283452,1685206698.0327327,ThreadPoolExecutor-1_2
272,0.08824682235717773,1685206697.9469981,1685206698.035245,ThreadPoolExecutor-1_3
273,0.07865595817565918,1685206697.9682271,1685206698.046883,ThreadPoolExecutor-1_0
274,0.08139991760253906,1685206698.0265305,1685206698.1079304,ThreadPoolExecutor-1_1
275,0.0915215015411377,1685206698.035245,1685206698.1267664,ThreadPoolExecutor-1_3
276,0.09125113487243652,1685206698.0475097,1685206698.1387608,ThreadPoolExecutor-1_0
277,0.11008977890014648,1685206698.0327327,1685206698.1428225,ThreadPoolExecutor-1_2
278,0.0793914794921875,1685206698.108012,1685206698.1874034,ThreadPoolExecutor-1_1
279,0.09271860122680664,1685206698.1270761,1685206698.2197948,ThreadPoolExecutor-1_3
280,0.08957743644714355,1685206698.1428225,1685206698.2324,ThreadPoolExecutor-1_2
281,0.09962677955627441,1685206698.138896,1685206698.2385228,ThreadPoolExecutor-1_0
282,0.07805609703063965,1685206698.1880448,1685206698.266101,ThreadPoolExecutor-1_1
283,0.08454513549804688,1685206698.220401,1685206698.3049462,ThreadPoolExecutor-1_3
284,0.08165287971496582,1685206698.2324,1685206698.3140528,ThreadPoolExecutor-1_2
285,0.08413195610046387,1685206698.2389028,1685206698.3230348,ThreadPoolExecutor-1_0
286,0.07152366638183594,1685206698.266515,1685206698.3380387,ThreadPoolExecutor-1_1
287,0.08044767379760742,1685206698.3049462,1685206698.3853939,ThreadPoolExecutor-1_3
288,0.07316756248474121,1685206698.323313,1685206698.3964806,ThreadPoolExecutor-1_0
289,0.08841919898986816,1685206698.3140528,1685206698.402472,ThreadPoolExecutor-1_2
290,0.0721886157989502,1685206698.338283,1685206698.4104717,ThreadPoolExecutor-1_1
291,0.07710075378417969,1685206698.3853939,1685206698.4624946,ThreadPoolExecutor-1_3
292,0.07708001136779785,1685206698.3974159,1685206698.474496,ThreadPoolExecutor-1_0
293,0.08431577682495117,1685206698.4031384,1685206698.4874542,ThreadPoolExecutor-1_2
294,0.08018636703491211,1685206698.4108427,1685206698.491029,ThreadPoolExecutor-1_1
295,0.0773782730102539,1685206698.4626641,1685206698.5400424,ThreadPoolExecutor-1_3
296,0.07854890823364258,1685206698.4754927,1685206698.5540416,ThreadPoolExecutor-1_0
297,0.07671642303466797,1685206698.4874542,1685206698.5641706,ThreadPoolExecutor-1_2
298,0.08313322067260742,1685206698.491029,1685206698.5741622,ThreadPoolExecutor-1_1
299,0.07712459564208984,1685206698.5400424,1685206698.617167,ThreadPoolExecutor-1_3
300,0.07242608070373535,1685206698.5547342,1685206698.6271603,ThreadPoolExecutor-1_0
301,0.07430219650268555,1685206698.5651538,1685206698.639456,ThreadPoolExecutor-1_2
302,0.07730746269226074,1685206698.5741622,1685206698.6514697,ThreadPoolExecutor-1_1
303,0.07606959342956543,1685206698.617167,1685206698.6932366,ThreadPoolExecutor-1_3
304,0.0741281509399414,1685206698.6271603,1685206698.7012885,ThreadPoolExecutor-1_0
305,0.07169938087463379,1685206698.6405325,1685206698.7122319,ThreadPoolExecutor-1_2
306,0.07705140113830566,1685206698.6514697,1685206698.728521,ThreadPoolExecutor-1_1
307,0.0749962329864502,1685206698.6932366,1685206698.7682328,ThreadPoolExecutor-1_3
308,0.07644033432006836,1685206698.7019098,1685206698.77835,ThreadPoolExecutor-1_0
309,0.07511234283447266,1685206698.7122319,1685206698.7873442,ThreadPoolExecutor-1_2
310,0.0789341926574707,1685206698.728521,1685206698.8074553,ThreadPoolExecutor-1_1
311,0.07375741004943848,1685206698.7692695,1685206698.8430269,ThreadPoolExecutor-1_3
312,0.07377123832702637,1685206698.779093,1685206698.8528643,ThreadPoolExecutor-1_0
313,0.07546758651733398,1685206698.7873442,1685206698.8628118,ThreadPoolExecutor-1_2
314,0.07771968841552734,1685206698.8080842,1685206698.885804,ThreadPoolExecutor-1_1
315,0.07119417190551758,1685206698.8430269,1685206698.914221,ThreadPoolExecutor-1_3
316,0.07214474678039551,1685206698.8536582,1685206698.925803,ThreadPoolExecutor-1_0
317,0.07561540603637695,1685206698.8637977,1685206698.939413,ThreadPoolExecutor-1_2
318,0.07946205139160156,1685206698.8869514,1685206698.9664135,ThreadPoolExecutor-1_1
319,0.07206463813781738,1685206698.914807,1685206698.9868717,ThreadPoolExecutor-1_3
320,0.07205843925476074,1685206698.9268014,1685206698.99886,ThreadPoolExecutor-1_0
321,0.07766437530517578,1685206698.939413,1685206699.0170774,ThreadPoolExecutor-1_2
322,0.07915782928466797,1685206698.9664135,1685206699.0455713,ThreadPoolExecutor-1_1
323,0.07270956039428711,1685206698.9868717,1685206699.0595813,ThreadPoolExecutor-1_3
324,0.07386970520019531,1685206698.99886,1685206699.0727296,ThreadPoolExecutor-1_0
325,0.07741832733154297,1685206699.0170774,1685206699.0944958,ThreadPoolExecutor-1_2
326,0.08027243614196777,1685206699.0456343,1685206699.1259067,ThreadPoolExecutor-1_1
327,0.07553458213806152,1685206699.0606213,1685206699.1361558,ThreadPoolExecutor-1_3
328,0.07383012771606445,1685206699.0738504,1685206699.1476805,ThreadPoolExecutor-1_0
329,0.09775257110595703,1685206699.0944958,1685206699.1922483,ThreadPoolExecutor-1_2
330,0.08078527450561523,1685206699.1269083,1685206699.2076936,ThreadPoolExecutor-1_1
331,0.08615231513977051,1685206699.136629,1685206699.2227814,ThreadPoolExecutor-1_3
332,0.07875943183898926,1685206699.1479414,1685206699.2267008,ThreadPoolExecutor-1_0
333,0.0766911506652832,1685206699.1932411,1685206699.2699323,ThreadPoolExecutor-1_2
334,0.07735419273376465,1685206699.2076936,1685206699.2850478,ThreadPoolExecutor-1_1
335,0.07647538185119629,1685206699.2236936,1685206699.300169,ThreadPoolExecutor-1_3
336,0.08214282989501953,1685206699.2267008,1685206699.3088436,ThreadPoolExecutor-1_0
337,0.07413291931152344,1685206699.2699323,1685206699.3440652,ThreadPoolExecutor-1_2
338,0.07227826118469238,1685206699.2850478,1685206699.357326,ThreadPoolExecutor-1_1
339,0.08068037033081055,1685206699.300169,1685206699.3808494,ThreadPoolExecutor-1_3
340,0.07564711570739746,1685206699.3088436,1685206699.3844907,ThreadPoolExecutor-1_0
341,0.0773625373840332,1685206699.3440652,1685206699.4214277,ThreadPoolExecutor-1_2
342,0.07155799865722656,1685206699.3578362,1685206699.4293942,ThreadPoolExecutor-1_1
343,0.07680940628051758,1685206699.3808494,1685206699.4576588,ThreadPoolExecutor-1_3
344,0.07691717147827148,1685206699.3844907,1685206699.461408,ThreadPoolExecutor-1_0
345,0.08307337760925293,1685206699.4218583,1685206699.5049317,ThreadPoolExecutor-1_2
346,0.08205747604370117,1685206699.4293942,1685206699.5114517,ThreadPoolExecutor-1_1
347,0.07872223854064941,1685206699.4577308,1685206699.536453,ThreadPoolExecutor-1_3
348,0.08426427841186523,1685206699.461408,1685206699.5456722,ThreadPoolExecutor-1_0
349,0.08040666580200195,1685206699.5055125,1685206699.5859191,ThreadPoolExecutor-1_2
350,0.0838632583618164,1685206699.5114517,1685206699.595315,ThreadPoolExecutor-1_1
351,0.07929730415344238,1685206699.537021,1685206699.6163182,ThreadPoolExecutor-1_3
352,0.08302569389343262,1685206699.5456722,1685206699.6286979,ThreadPoolExecutor-1_0
353,0.07679343223571777,1685206699.5859191,1685206699.6627126,ThreadPoolExecutor-1_2
354,0.07971310615539551,1685206699.595315,1685206699.675028,ThreadPoolExecutor-1_1
355,0.07844400405883789,1685206699.6163182,1685206699.6947622,ThreadPoolExecutor-1_3
356,0.08360433578491211,1685206699.6296766,1685206699.713281,ThreadPoolExecutor-1_0
357,0.07797527313232422,1685206699.6627126,1685206699.7406878,ThreadPoolExecutor-1_2
358,0.08372306823730469,1685206699.6760187,1685206699.7597418,ThreadPoolExecutor-1_1
359,0.07791662216186523,1685206699.6947622,1685206699.7726789,ThreadPoolExecutor-1_3
360,0.08189630508422852,1685206699.7137794,1685206699.7956758,ThreadPoolExecutor-1_0
361,0.07899165153503418,1685206699.7406878,1685206699.8196795,ThreadPoolExecutor-1_2
362,0.08221840858459473,1685206699.7597418,1685206699.8419602,ThreadPoolExecutor-1_1
363,0.07901811599731445,1685206699.7726789,1685206699.851697,ThreadPoolExecutor-1_3
364,0.08271145820617676,1685206699.7956758,1685206699.8783872,ThreadPoolExecutor-1_0
365,0.07847857475280762,1685206699.8196795,1685206699.898158,ThreadPoolExecutor-1_2
366,0.08782029151916504,1685206699.8419602,1685206699.9297805,ThreadPoolExecutor-1_1
367,0.08583307266235352,1685206699.851697,1685206699.93753,ThreadPoolExecutor-1_3
368,0.08530688285827637,1685206699.8783872,1685206699.963694,ThreadPoolExecutor-1_0
369,0.07895946502685547,1685206699.898158,1685206699.9771175,ThreadPoolExecutor-1_2
370,0.08410859107971191,1685206699.9297805,1685206700.013889,ThreadPoolExecutor-1_1
371,0.08702611923217773,1685206699.937859,1685206700.0248852,ThreadPoolExecutor-1_3
372,0.08339858055114746,1685206699.963694,1685206700.0470927,ThreadPoolExecutor-1_0
373,0.07856917381286621,1685206699.9778464,1685206700.0564156,ThreadPoolExecutor-1_2
374,0.07932567596435547,1685206700.013889,1685206700.0932148,ThreadPoolExecutor-1_1
375,0.08301997184753418,1685206700.0251799,1685206700.1081998,ThreadPoolExecutor-1_3
376,0.08677411079406738,1685206700.0470927,1685206700.1338668,ThreadPoolExecutor-1_0
377,0.08298254013061523,1685206700.0570285,1685206700.140011,ThreadPoolExecutor-1_2
378,0.07953023910522461,1685206700.0932148,1685206700.172745,ThreadPoolExecutor-1_1
379,0.08280730247497559,1685206700.1092038,1685206700.192011,ThreadPoolExecutor-1_3
380,0.08068013191223145,1685206700.1348538,1685206700.215534,ThreadPoolExecutor-1_0
381,0.08516573905944824,1685206700.140011,1685206700.2251768,ThreadPoolExecutor-1_2
382,0.07770919799804688,1685206700.1731272,1685206700.2508364,ThreadPoolExecutor-1_1
383,0.08317017555236816,1685206700.1928065,1685206700.2759767,ThreadPoolExecutor-1_3
384,0.0808260440826416,1685206700.2160275,1685206700.2968535,ThreadPoolExecutor-1_0
385,0.08505392074584961,1685206700.2251768,1685206700.3102307,ThreadPoolExecutor-1_2
386,0.0783989429473877,1685206700.251395,1685206700.329794,ThreadPoolExecutor-1_1
387,0.08342862129211426,1685206700.2759767,1685206700.3594053,ThreadPoolExecutor-1_3
388,0.07779312133789062,1685206700.2975967,1685206700.3753898,ThreadPoolExecutor-1_0
389,0.08353924751281738,1685206700.3112261,1685206700.3947654,ThreadPoolExecutor-1_2
390,0.07739686965942383,1685206700.3304088,1685206700.4078057,ThreadPoolExecutor-1_1
391,0.0820620059967041,1685206700.3594053,1685206700.4414673,ThreadPoolExecutor-1_3
392,0.0774679183959961,1685206700.376389,1685206700.453857,ThreadPoolExecutor-1_0
393,0.08641433715820312,1685206700.3953912,1685206700.4818056,ThreadPoolExecutor-1_2
394,0.08256220817565918,1685206700.4078057,1685206700.490368,ThreadPoolExecutor-1_1
395,0.08333849906921387,1685206700.441834,1685206700.5251725,ThreadPoolExecutor-1_3
396,0.07994461059570312,1685206700.4544885,1685206700.5344331,ThreadPoolExecutor-1_0
397,0.08261489868164062,1685206700.4818056,1685206700.5644205,ThreadPoolExecutor-1_2
398,0.08432984352111816,1685206700.4907622,1685206700.575092,ThreadPoolExecutor-1_1
399,0.07943177223205566,1685206700.5251725,1685206700.6046042,ThreadPoolExecutor-1_3
400,0.07282352447509766,1685206700.534782,1685206700.6076055,ThreadPoolExecutor-1_0
401,0.08280014991760254,1685206700.5649834,1685206700.6477835,ThreadPoolExecutor-1_2
402,0.08173942565917969,1685206700.575092,1685206700.6568315,ThreadPoolExecutor-1_1
403,0.0804741382598877,1685206700.6046042,1685206700.6850784,ThreadPoolExecutor-1_3
404,0.08621358871459961,1685206700.6076055,1685206700.693819,ThreadPoolExecutor-1_0
405,0.0761575698852539,1685206700.6478813,1685206700.7240388,ThreadPoolExecutor-1_2
406,0.08220720291137695,1685206700.6568315,1685206700.7390387,ThreadPoolExecutor-1_1
407,0.07653474807739258,1685206700.685646,1685206700.7621808,ThreadPoolExecutor-1_3
408,0.08031821250915527,1685206700.693819,1685206700.7741373,ThreadPoolExecutor-1_0
409,0.07665300369262695,1685206700.7248232,1685206700.8014762,ThreadPoolExecutor-1_2
410,0.08248400688171387,1685206700.7394474,1685206700.8219314,ThreadPoolExecutor-1_1
411,0.07674813270568848,1685206700.7621808,1685206700.838929,ThreadPoolExecutor-1_3
412,0.08079767227172852,1685206700.7741373,1685206700.854935,ThreadPoolExecutor-1_0
413,0.07822489738464355,1685206700.8014762,1685206700.8797011,ThreadPoolExecutor-1_2
414,0.08133339881896973,1685206700.8219314,1685206700.9032648,ThreadPoolExecutor-1_1
415,0.0814366340637207,1685206700.838929,1685206700.9203656,ThreadPoolExecutor-1_3
416,0.08179163932800293,1685206700.854935,1685206700.9367266,ThreadPoolExecutor-1_0
417,0.07810115814208984,1685206700.8797011,1685206700.9578023,ThreadPoolExecutor-1_2
418,0.08523893356323242,1685206700.904254,1685206700.989493,ThreadPoolExecutor-1_1
419,0.07868695259094238,1685206700.9210317,1685206700.9997187,ThreadPoolExecutor-1_3
420,0.08173966407775879,1685206700.9373715,1685206701.0191112,ThreadPoolExecutor-1_0
421,0.07813644409179688,1685206700.958846,1685206701.0369825,ThreadPoolExecutor-1_2
422,0.09174990653991699,1685206700.989493,1685206701.0812428,ThreadPoolExecutor-1_1
423,0.08542418479919434,1685206701.0008156,1685206701.0862398,ThreadPoolExecutor-1_3
424,0.08505582809448242,1685206701.0191112,1685206701.104167,ThreadPoolExecutor-1_0
425,0.07915234565734863,1685206701.0369825,1685206701.116135,ThreadPoolExecutor-1_2
426,0.08358573913574219,1685206701.0817382,1685206701.165324,ThreadPoolExecutor-1_1
427,0.08812093734741211,1685206701.0862398,1685206701.1743608,ThreadPoolExecutor-1_3
428,0.0839684009552002,1685206701.1043952,1685206701.1883636,ThreadPoolExecutor-1_0
429,0.08257579803466797,1685206701.116135,1685206701.1987107,ThreadPoolExecutor-1_2
430,0.08159637451171875,1685206701.165324,1685206701.2469203,ThreadPoolExecutor-1_1
431,0.08943414688110352,1685206701.1743608,1685206701.263795,ThreadPoolExecutor-1_3
432,0.08643198013305664,1685206701.18936,1685206701.275792,ThreadPoolExecutor-1_0
433,0.0788414478302002,1685206701.1989045,1685206701.277746,ThreadPoolExecutor-1_2
434,0.08287930488586426,1685206701.2469203,1685206701.3297997,ThreadPoolExecutor-1_1
435,0.09298872947692871,1685206701.263795,1685206701.3567836,ThreadPoolExecutor-1_3
436,0.09548091888427734,1685206701.2761588,1685206701.3716397,ThreadPoolExecutor-1_0
437,0.10093188285827637,1685206701.277746,1685206701.3786778,ThreadPoolExecutor-1_2
438,0.07857441902160645,1685206701.3307874,1685206701.4093618,ThreadPoolExecutor-1_1
439,0.0857703685760498,1685206701.3567836,1685206701.442554,ThreadPoolExecutor-1_3
440,0.09045886993408203,1685206701.3716397,1685206701.4620986,ThreadPoolExecutor-1_0
441,0.08976292610168457,1685206701.3786778,1685206701.4684408,ThreadPoolExecutor-1_2
442,0.07711482048034668,1685206701.4093618,1685206701.4864767,ThreadPoolExecutor-1_1
443,0.08017492294311523,1685206701.4433184,1685206701.5234933,ThreadPoolExecutor-1_3
444,0.08899664878845215,1685206701.4620986,1685206701.5510952,ThreadPoolExecutor-1_0
445,0.08521604537963867,1685206701.4684408,1685206701.5536568,ThreadPoolExecutor-1_2
446,0.07518839836120605,1685206701.4864767,1685206701.561665,ThreadPoolExecutor-1_1
447,0.07432866096496582,1685206701.5234933,1685206701.597822,ThreadPoolExecutor-1_3
448,0.07309198379516602,1685206701.561665,1685206701.634757,ThreadPoolExecutor-1_1
449,0.08310246467590332,1685206701.5536568,1685206701.6367593,ThreadPoolExecutor-1_2
450,0.08893203735351562,1685206701.5510952,1685206701.6400273,ThreadPoolExecutor-1_0
451,0.06917023658752441,1685206701.597822,1685206701.6669922,ThreadPoolExecutor-1_3
452,0.07623934745788574,1685206701.634757,1685206701.7109964,ThreadPoolExecutor-1_1
453,0.07596945762634277,1685206701.6400273,1685206701.7159967,ThreadPoolExecutor-1_0
454,0.08039999008178711,1685206701.6373048,1685206701.7177048,ThreadPoolExecutor-1_2
455,0.06574678421020508,1685206701.6669922,1685206701.732739,ThreadPoolExecutor-1_3
456,0.06516647338867188,1685206701.7109964,1685206701.7761629,ThreadPoolExecutor-1_1
457,0.07162928581237793,1685206701.7177048,1685206701.789334,ThreadPoolExecutor-1_2
458,0.0760493278503418,1685206701.7159967,1685206701.792046,ThreadPoolExecutor-1_0
459,0.0648350715637207,1685206701.732739,1685206701.797574,ThreadPoolExecutor-1_3
460,0.07212686538696289,1685206701.7761629,1685206701.8482897,ThreadPoolExecutor-1_1
461,0.08600115776062012,1685206701.789334,1685206701.8753352,ThreadPoolExecutor-1_2
462,0.0797584056854248,1685206701.797574,1685206701.8773324,ThreadPoolExecutor-1_3
463,0.0932309627532959,1685206701.792437,1685206701.885668,ThreadPoolExecutor-1_0
464,0.07386922836303711,1685206701.8482897,1685206701.922159,ThreadPoolExecutor-1_1
465,0.08644461631774902,1685206701.8781726,1685206701.9646173,ThreadPoolExecutor-1_3
466,0.08679056167602539,1685206701.8862154,1685206701.973006,ThreadPoolExecutor-1_0
467,0.0994114875793457,1685206701.8754108,1685206701.9748223,ThreadPoolExecutor-1_2
468,0.07515931129455566,1685206701.922667,1685206701.9978263,ThreadPoolExecutor-1_1
469,0.10309672355651855,1685206701.9748223,1685206702.077919,ThreadPoolExecutor-1_2
470,0.11711335182189941,1685206701.9647646,1685206702.081878,ThreadPoolExecutor-1_3
471,0.11086034774780273,1685206701.973006,1685206702.0838664,ThreadPoolExecutor-1_0
472,0.09853053092956543,1685206701.9978263,1685206702.0963569,ThreadPoolExecutor-1_1
473,0.08109712600708008,1685206702.077919,1685206702.1590161,ThreadPoolExecutor-1_2
474,0.08778715133666992,1685206702.081878,1685206702.169665,ThreadPoolExecutor-1_3
475,0.08370447158813477,1685206702.0963569,1685206702.1800613,ThreadPoolExecutor-1_1
476,0.1019899845123291,1685206702.0838664,1685206702.1858563,ThreadPoolExecutor-1_0
477,0.07834815979003906,1685206702.1600158,1685206702.238364,ThreadPoolExecutor-1_2
478,0.09025263786315918,1685206702.1699576,1685206702.2602103,ThreadPoolExecutor-1_3
479,0.08501505851745605,1685206702.1868017,1685206702.2718167,ThreadPoolExecutor-1_0
480,0.09474706649780273,1685206702.1800613,1685206702.2748084,ThreadPoolExecutor-1_1
481,0.07745623588562012,1685206702.238364,1685206702.3158202,ThreadPoolExecutor-1_2
482,0.07952237129211426,1685206702.2602103,1685206702.3397326,ThreadPoolExecutor-1_3
483,0.09092998504638672,1685206702.2748084,1685206702.3657384,ThreadPoolExecutor-1_1
484,0.0977926254272461,1685206702.2718167,1685206702.3696094,ThreadPoolExecutor-1_0
485,0.0771632194519043,1685206702.3158202,1685206702.3929834,ThreadPoolExecutor-1_2
486,0.08113598823547363,1685206702.3397326,1685206702.4208686,ThreadPoolExecutor-1_3
487,0.08524298667907715,1685206702.36997,1685206702.455213,ThreadPoolExecutor-1_0
488,0.09552669525146484,1685206702.3657384,1685206702.461265,ThreadPoolExecutor-1_1
489,0.07804608345031738,1685206702.3929834,1685206702.4710295,ThreadPoolExecutor-1_2
490,0.07596111297607422,1685206702.4208686,1685206702.4968297,ThreadPoolExecutor-1_3
491,0.08417987823486328,1685206702.455213,1685206702.539393,ThreadPoolExecutor-1_0
492,0.0881199836730957,1685206702.461265,1685206702.549385,ThreadPoolExecutor-1_1
493,0.08214187622070312,1685206702.4712543,1685206702.5533962,ThreadPoolExecutor-1_2
494,0.07919168472290039,1685206702.4968297,1685206702.5760214,ThreadPoolExecutor-1_3
495,0.08356070518493652,1685206702.539393,1685206702.6229537,ThreadPoolExecutor-1_0
496,0.08410811424255371,1685206702.5498393,1685206702.6339474,ThreadPoolExecutor-1_1
497,0.08954262733459473,1685206702.5533962,1685206702.6429389,ThreadPoolExecutor-1_2
498,0.07698535919189453,1685206702.5760214,1685206702.6530068,ThreadPoolExecutor-1_3
499,0.08465790748596191,1685206702.6231074,1685206702.7077653,ThreadPoolExecutor-1_0
500,0.08190107345581055,1685206702.6347845,1685206702.7166855,ThreadPoolExecutor-1_1
501,0.09114885330200195,1685206702.6435611,1685206702.73471,ThreadPoolExecutor-1_2
502,0.08670258522033691,1685206702.6530068,1685206702.7397094,ThreadPoolExecutor-1_3
503,0.08914351463317871,1685206702.7077653,1685206702.7969089,ThreadPoolExecutor-1_0
504,0.08429431915283203,1685206702.717796,1685206702.8020904,ThreadPoolExecutor-1_1
505,0.08419680595397949,1685206702.73471,1685206702.8189068,ThreadPoolExecutor-1_2
506,0.08895182609558105,1685206702.7397094,1685206702.8286612,ThreadPoolExecutor-1_3
507,0.08561086654663086,1685206702.7969089,1685206702.8825197,ThreadPoolExecutor-1_0
508,0.08839035034179688,1685206702.8025143,1685206702.8909047,ThreadPoolExecutor-1_1
509,0.0839688777923584,1685206702.8286612,1685206702.91263,ThreadPoolExecutor-1_3
510,0.09956932067871094,1685206702.8189068,1685206702.918476,ThreadPoolExecutor-1_2
511,0.08339262008666992,1685206702.8912785,1685206702.9746711,ThreadPoolExecutor-1_1
512,0.09915304183959961,1685206702.8825197,1685206702.9816728,ThreadPoolExecutor-1_0
513,0.08121466636657715,1685206702.9193866,1685206703.0006013,ThreadPoolExecutor-1_2
514,0.09400057792663574,1685206702.91263,1685206703.0066307,ThreadPoolExecutor-1_3
515,0.08491086959838867,1685206702.9754064,1685206703.0603173,ThreadPoolExecutor-1_1
516,0.08425092697143555,1685206702.9816728,1685206703.0659237,ThreadPoolExecutor-1_0
517,0.07945394515991211,1685206703.0066307,1685206703.0860846,ThreadPoolExecutor-1_3
518,0.09013795852661133,1685206703.0006013,1685206703.0907393,ThreadPoolExecutor-1_2
519,0.07841777801513672,1685206703.0603173,1685206703.138735,ThreadPoolExecutor-1_1
520,0.08443570137023926,1685206703.0663092,1685206703.150745,ThreadPoolExecutor-1_0
521,0.08656525611877441,1685206703.0907393,1685206703.1773045,ThreadPoolExecutor-1_2
522,0.09485840797424316,1685206703.0860846,1685206703.180943,ThreadPoolExecutor-1_3
523,0.07712173461914062,1685206703.1397393,1685206703.216861,ThreadPoolExecutor-1_1
524,0.0823829174041748,1685206703.150745,1685206703.2331278,ThreadPoolExecutor-1_0
525,0.08072471618652344,1685206703.180943,1685206703.2616677,ThreadPoolExecutor-1_3
526,0.0930025577545166,1685206703.1773045,1685206703.270307,ThreadPoolExecutor-1_2
527,0.07937145233154297,1685206703.216861,1685206703.2962325,ThreadPoolExecutor-1_1
528,0.08092141151428223,1685206703.2331278,1685206703.3140492,ThreadPoolExecutor-1_0
529,0.08141088485717773,1685206703.270307,1685206703.351718,ThreadPoolExecutor-1_2
530,0.09573745727539062,1685206703.2619982,1685206703.3577356,ThreadPoolExecutor-1_3
531,0.07823681831359863,1685206703.297473,1685206703.3757098,ThreadPoolExecutor-1_1
532,0.08101749420166016,1685206703.3140492,1685206703.3950667,ThreadPoolExecutor-1_0
533,0.08800292015075684,1685206703.3577356,1685206703.4457386,ThreadPoolExecutor-1_3
534,0.10204529762268066,1685206703.3527327,1685206703.454778,ThreadPoolExecutor-1_2
535,0.08645129203796387,1685206703.3757098,1685206703.462161,ThreadPoolExecutor-1_1
536,0.08419966697692871,1685206703.3950667,1685206703.4792664,ThreadPoolExecutor-1_0
537,0.09019303321838379,1685206703.446073,1685206703.536266,ThreadPoolExecutor-1_3
538,0.09303450584411621,1685206703.455866,1685206703.5489006,ThreadPoolExecutor-1_2
539,0.09113335609436035,1685206703.462753,1685206703.5538864,ThreadPoolExecutor-1_1
540,0.08598518371582031,1685206703.4799995,1685206703.5659847,ThreadPoolExecutor-1_0
541,0.08829760551452637,1685206703.5498862,1685206703.6381838,ThreadPoolExecutor-1_2
542,0.10895514488220215,1685206703.536266,1685206703.6452212,ThreadPoolExecutor-1_3
543,0.10255026817321777,1685206703.5538864,1685206703.6564367,ThreadPoolExecutor-1_1
544,0.09552717208862305,1685206703.566201,1685206703.6617281,ThreadPoolExecutor-1_0
545,0.08143210411071777,1685206703.6381838,1685206703.719616,ThreadPoolExecutor-1_2
546,0.0808866024017334,1685206703.6617281,1685206703.7426147,ThreadPoolExecutor-1_0
547,0.1070399284362793,1685206703.645638,1685206703.752678,ThreadPoolExecutor-1_3
548,0.09919381141662598,1685206703.6564367,1685206703.7556305,ThreadPoolExecutor-1_1
549,0.07996964454650879,1685206703.719616,1685206703.7995856,ThreadPoolExecutor-1_2
550,0.09340715408325195,1685206703.7426147,1685206703.836022,ThreadPoolExecutor-1_0
551,0.09390830993652344,1685206703.753624,1685206703.8475323,ThreadPoolExecutor-1_3
552,0.09447956085205078,1685206703.7556305,1685206703.85011,ThreadPoolExecutor-1_1
553,0.07831215858459473,1685206703.8003118,1685206703.878624,ThreadPoolExecutor-1_2
554,0.08564066886901855,1685206703.836022,1685206703.9216626,ThreadPoolExecutor-1_0
555,0.0875551700592041,1685206703.85011,1685206703.9376652,ThreadPoolExecutor-1_1
556,0.09741353988647461,1685206703.8482502,1685206703.9456637,ThreadPoolExecutor-1_3
557,0.08003377914428711,1685206703.878624,1685206703.9586577,ThreadPoolExecutor-1_2
558,0.08181095123291016,1685206703.9216626,1685206704.0034735,ThreadPoolExecutor-1_0
559,0.08981132507324219,1685206703.9376652,1685206704.0274765,ThreadPoolExecutor-1_1
560,0.09238338470458984,1685206703.9456637,1685206704.038047,ThreadPoolExecutor-1_3
561,0.08587527275085449,1685206703.9586577,1685206704.044533,ThreadPoolExecutor-1_2
562,0.11648869514465332,1685206704.0044706,1685206704.1209593,ThreadPoolExecutor-1_0
563,0.0954744815826416,1685206704.0274765,1685206704.122951,ThreadPoolExecutor-1_1
564,0.09555268287658691,1685206704.0391283,1685206704.134681,ThreadPoolExecutor-1_3
565,0.09729838371276855,1685206704.044533,1685206704.1418314,ThreadPoolExecutor-1_2
566,0.09958529472351074,1685206704.1239533,1685206704.2235386,ThreadPoolExecutor-1_1
567,0.10836911201477051,1685206704.1211762,1685206704.2295454,ThreadPoolExecutor-1_0
568,0.09798765182495117,1685206704.1418314,1685206704.239819,ThreadPoolExecutor-1_2
569,0.10886549949645996,1685206704.134681,1685206704.2435465,ThreadPoolExecutor-1_3
570,0.08701658248901367,1685206704.2240903,1685206704.311107,ThreadPoolExecutor-1_1
571,0.1032867431640625,1685206704.2295454,1685206704.332832,ThreadPoolExecutor-1_0
572,0.09454178810119629,1685206704.2435465,1685206704.3380883,ThreadPoolExecutor-1_3
573,0.10132765769958496,1685206704.239819,1685206704.3411467,ThreadPoolExecutor-1_2
574,0.0790262222290039,1685206704.311107,1685206704.3901331,ThreadPoolExecutor-1_1
575,0.08493614196777344,1685206704.3381994,1685206704.4231355,ThreadPoolExecutor-1_3
576,0.09498238563537598,1685206704.3411467,1685206704.436129,ThreadPoolExecutor-1_2
577,0.11359000205993652,1685206704.332832,1685206704.446422,ThreadPoolExecutor-1_0
578,0.07529544830322266,1685206704.3901331,1685206704.4654286,ThreadPoolExecutor-1_1
579,0.07393288612365723,1685206704.4231355,1685206704.4970684,ThreadPoolExecutor-1_3
580,0.07794761657714844,1685206704.436129,1685206704.5140767,ThreadPoolExecutor-1_2
581,0.08118772506713867,1685206704.4465737,1685206704.5277615,ThreadPoolExecutor-1_0
582,0.07517242431640625,1685206704.46584,1685206704.5410125,ThreadPoolExecutor-1_1
583,0.07595705986022949,1685206704.4970684,1685206704.5730255,ThreadPoolExecutor-1_3
584,0.08043169975280762,1685206704.514422,1685206704.5948536,ThreadPoolExecutor-1_2
585,0.11345028877258301,1685206704.5287542,1685206704.6422045,ThreadPoolExecutor-1_0
586,0.10319924354553223,1685206704.5420072,1685206704.6452065,ThreadPoolExecutor-1_1
587,0.08631753921508789,1685206704.5738127,1685206704.6601303,ThreadPoolExecutor-1_3
588,0.08304500579833984,1685206704.5948536,1685206704.6778986,ThreadPoolExecutor-1_2
589,0.09267163276672363,1685206704.6422045,1685206704.7348762,ThreadPoolExecutor-1_0
590,0.09875321388244629,1685206704.6452065,1685206704.7439597,ThreadPoolExecutor-1_1
591,0.09377908706665039,1685206704.6601303,1685206704.7539093,ThreadPoolExecutor-1_3
592,0.08522963523864746,1685206704.6778986,1685206704.7631283,ThreadPoolExecutor-1_2
593,0.08368563652038574,1685206704.7348762,1685206704.8185618,ThreadPoolExecutor-1_0
594,0.10334920883178711,1685206704.7439597,1685206704.8473089,ThreadPoolExecutor-1_1
595,0.08588433265686035,1685206704.7641354,1685206704.8500197,ThreadPoolExecutor-1_2
596,0.10799789428710938,1685206704.7539093,1685206704.8619072,ThreadPoolExecutor-1_3
597,0.0791473388671875,1685206704.8185618,1685206704.8977091,ThreadPoolExecutor-1_0
598,0.09908461570739746,1685206704.8503091,1685206704.9493937,ThreadPoolExecutor-1_2
599,0.10809087753295898,1685206704.8473089,1685206704.9553998,ThreadPoolExecutor-1_1
600,0.1038661003112793,1685206704.8619072,1685206704.9657733,ThreadPoolExecutor-1_3
601,0.08115124702453613,1685206704.8977091,1685206704.9788604,ThreadPoolExecutor-1_0
602,0.08508062362670898,1685206704.9788604,1685206705.063941,ThreadPoolExecutor-1_0
603,0.10016798973083496,1685206704.9657733,1685206705.0659413,ThreadPoolExecutor-1_3
604,0.1156013011932373,1685206704.9553998,1685206705.071001,ThreadPoolExecutor-1_1
605,0.1300811767578125,1685206704.9493937,1685206705.079475,ThreadPoolExecutor-1_2
606,0.09290957450866699,1685206705.063941,1685206705.1568506,ThreadPoolExecutor-1_0
607,0.09482526779174805,1685206705.071001,1685206705.1658263,ThreadPoolExecutor-1_1
608,0.09752631187438965,1685206705.079475,1685206705.1770012,ThreadPoolExecutor-1_2
609,0.11243319511413574,1685206705.066502,1685206705.1789353,ThreadPoolExecutor-1_3
610,0.08647680282592773,1685206705.1579318,1685206705.2444086,ThreadPoolExecutor-1_0
611,0.08712887763977051,1685206705.1658263,1685206705.2529552,ThreadPoolExecutor-1_1
612,0.0842580795288086,1685206705.1799345,1685206705.2641926,ThreadPoolExecutor-1_3
613,0.09667158126831055,1685206705.1773736,1685206705.2740452,ThreadPoolExecutor-1_2
614,0.08336091041564941,1685206705.2449136,1685206705.3282745,ThreadPoolExecutor-1_0
615,0.08376455307006836,1685206705.253526,1685206705.3372905,ThreadPoolExecutor-1_1
616,0.0844731330871582,1685206705.2648556,1685206705.3493288,ThreadPoolExecutor-1_3
617,0.08293914794921875,1685206705.2746572,1685206705.3575964,ThreadPoolExecutor-1_2
618,0.08079719543457031,1685206705.3282745,1685206705.4090717,ThreadPoolExecutor-1_0
619,0.08591532707214355,1685206705.3372905,1685206705.4232059,ThreadPoolExecutor-1_1
620,0.0831441879272461,1685206705.349611,1685206705.4327552,ThreadPoolExecutor-1_3
621,0.08511686325073242,1685206705.3585174,1685206705.4436343,ThreadPoolExecutor-1_2
622,0.08046627044677734,1685206705.410165,1685206705.4906313,ThreadPoolExecutor-1_0
623,0.08444404602050781,1685206705.4232059,1685206705.50765,ThreadPoolExecutor-1_1
624,0.08588957786560059,1685206705.4327552,1685206705.5186448,ThreadPoolExecutor-1_3
625,0.08454585075378418,1685206705.4436343,1685206705.5281801,ThreadPoolExecutor-1_2
626,0.07658743858337402,1685206705.4906313,1685206705.5672188,ThreadPoolExecutor-1_0
627,0.07724285125732422,1685206705.50765,1685206705.5848927,ThreadPoolExecutor-1_1
628,0.08225250244140625,1685206705.5196478,1685206705.6019003,ThreadPoolExecutor-1_3
629,0.08378458023071289,1685206705.5281801,1685206705.6119647,ThreadPoolExecutor-1_2
630,0.07720375061035156,1685206705.5682218,1685206705.6454256,ThreadPoolExecutor-1_0
631,0.07807612419128418,1685206705.5848927,1685206705.6629689,ThreadPoolExecutor-1_1
632,0.08695363998413086,1685206705.6019003,1685206705.688854,ThreadPoolExecutor-1_3
633,0.08462238311767578,1685206705.6122673,1685206705.6968896,ThreadPoolExecutor-1_2
634,0.07832837104797363,1685206705.64598,1685206705.7243083,ThreadPoolExecutor-1_0
635,0.07599186897277832,1685206705.663132,1685206705.7391238,ThreadPoolExecutor-1_1
636,0.08887767791748047,1685206705.688854,1685206705.7777317,ThreadPoolExecutor-1_3
637,0.08388829231262207,1685206705.6968896,1685206705.780778,ThreadPoolExecutor-1_2
638,0.0795135498046875,1685206705.7243083,1685206705.8038218,ThreadPoolExecutor-1_0
639,0.0807652473449707,1685206705.7391238,1685206705.819889,ThreadPoolExecutor-1_1
640,0.09042620658874512,1685206705.780778,1685206705.8712041,ThreadPoolExecutor-1_2
641,0.0964808464050293,1685206705.7777317,1685206705.8742125,ThreadPoolExecutor-1_3
642,0.0813758373260498,1685206705.8048224,1685206705.8861983,ThreadPoolExecutor-1_0
643,0.0787649154663086,1685206705.8204584,1685206705.8992233,ThreadPoolExecutor-1_1
644,0.09117984771728516,1685206705.8742125,1685206705.9653924,ThreadPoolExecutor-1_3
645,0.09788250923156738,1685206705.8714075,1685206705.96929,ThreadPoolExecutor-1_2
646,0.09658288955688477,1685206705.8861983,1685206705.9827812,ThreadPoolExecutor-1_0
647,0.08754920959472656,1685206705.8992233,1685206705.9867725,ThreadPoolExecutor-1_1
648,0.08895468711853027,1685206705.965707,1685206706.0546618,ThreadPoolExecutor-1_3
649,0.09351801872253418,1685206705.96929,1685206706.062808,ThreadPoolExecutor-1_2
650,0.08742141723632812,1685206705.98736,1685206706.0747814,ThreadPoolExecutor-1_1
651,0.09520983695983887,1685206705.9827812,1685206706.077991,ThreadPoolExecutor-1_0
652,0.08381128311157227,1685206706.0636778,1685206706.147489,ThreadPoolExecutor-1_2
653,0.09839892387390137,1685206706.0546618,1685206706.1530607,ThreadPoolExecutor-1_3
654,0.09092402458190918,1685206706.0747814,1685206706.1657054,ThreadPoolExecutor-1_1
655,0.09009456634521484,1685206706.077991,1685206706.1680856,ThreadPoolExecutor-1_0
656,0.09035181999206543,1685206706.147489,1685206706.237841,ThreadPoolExecutor-1_2
657,0.09652519226074219,1685206706.1530607,1685206706.2495859,ThreadPoolExecutor-1_3
658,0.0934746265411377,1685206706.1680856,1685206706.2615602,ThreadPoolExecutor-1_0
659,0.09743833541870117,1685206706.1657054,1685206706.2631438,ThreadPoolExecutor-1_1
660,0.08501577377319336,1685206706.2379134,1685206706.3229291,ThreadPoolExecutor-1_2
661,0.08662557601928711,1685206706.2496724,1685206706.336298,ThreadPoolExecutor-1_3
662,0.08978891372680664,1685206706.264107,1685206706.353896,ThreadPoolExecutor-1_1
663,0.09965229034423828,1685206706.2615602,1685206706.3612125,ThreadPoolExecutor-1_0
664,0.08662652969360352,1685206706.3235874,1685206706.410214,ThreadPoolExecutor-1_2
665,0.08240175247192383,1685206706.336421,1685206706.4188228,ThreadPoolExecutor-1_3
666,0.08510208129882812,1685206706.3539932,1685206706.4390953,ThreadPoolExecutor-1_1
667,0.08389830589294434,1685206706.3612125,1685206706.4451108,ThreadPoolExecutor-1_0
668,0.08485817909240723,1685206706.4103522,1685206706.4952104,ThreadPoolExecutor-1_2
669,0.0861809253692627,1685206706.4198198,1685206706.5060008,ThreadPoolExecutor-1_3
670,0.08563542366027832,1685206706.4390953,1685206706.5247307,ThreadPoolExecutor-1_1
671,0.08794283866882324,1685206706.4451108,1685206706.5330536,ThreadPoolExecutor-1_0
672,0.07947301864624023,1685206706.49576,1685206706.575233,ThreadPoolExecutor-1_2
673,0.08345770835876465,1685206706.5067322,1685206706.59019,ThreadPoolExecutor-1_3
674,0.07947134971618652,1685206706.5247307,1685206706.604202,ThreadPoolExecutor-1_1
675,0.0822913646697998,1685206706.5338995,1685206706.616191,ThreadPoolExecutor-1_0
676,0.07928848266601562,1685206706.5759022,1685206706.6551907,ThreadPoolExecutor-1_2
677,0.08405756950378418,1685206706.59019,1685206706.6742475,ThreadPoolExecutor-1_3
678,0.08199548721313477,1685206706.604202,1685206706.6861975,ThreadPoolExecutor-1_1
679,0.08173131942749023,1685206706.616191,1685206706.6979222,ThreadPoolExecutor-1_0
680,0.07777190208435059,1685206706.6551907,1685206706.7329626,ThreadPoolExecutor-1_2
681,0.08228039741516113,1685206706.6742475,1685206706.756528,ThreadPoolExecutor-1_3
682,0.08007597923278809,1685206706.6861975,1685206706.7662735,ThreadPoolExecutor-1_1
683,0.08444523811340332,1685206706.6979222,1685206706.7823675,ThreadPoolExecutor-1_0
684,0.0799412727355957,1685206706.7329626,1685206706.812904,ThreadPoolExecutor-1_2
685,0.08968377113342285,1685206706.757358,1685206706.8470418,ThreadPoolExecutor-1_3
686,0.08683085441589355,1685206706.7662735,1685206706.8531044,ThreadPoolExecutor-1_1
687,0.07905817031860352,1685206706.7829802,1685206706.8620384,ThreadPoolExecutor-1_0
688,0.11567997932434082,1685206706.813601,1685206706.929281,ThreadPoolExecutor-1_2
689,0.08583545684814453,1685206706.8470418,1685206706.9328773,ThreadPoolExecutor-1_3
690,0.09322929382324219,1685206706.8531044,1685206706.9463336,ThreadPoolExecutor-1_1
691,0.0882720947265625,1685206706.8627112,1685206706.9509833,ThreadPoolExecutor-1_0
692,0.08673763275146484,1685206706.929281,1685206707.0160186,ThreadPoolExecutor-1_2
693,0.09408378601074219,1685206706.9328773,1685206707.026961,ThreadPoolExecutor-1_3
694,0.08500194549560547,1685206706.9509833,1685206707.0359852,ThreadPoolExecutor-1_0
695,0.09451532363891602,1685206706.9463336,1685206707.040849,ThreadPoolExecutor-1_1
696,0.07707929611206055,1685206707.0160186,1685206707.093098,ThreadPoolExecutor-1_2
697,0.07709074020385742,1685206707.026961,1685206707.1040518,ThreadPoolExecutor-1_3
698,0.07505655288696289,1685206707.0359852,1685206707.1110418,ThreadPoolExecutor-1_0
699,0.07789134979248047,1685206707.0416186,1685206707.11951,ThreadPoolExecutor-1_1
700,0.08008408546447754,1685206707.0939918,1685206707.1740758,ThreadPoolExecutor-1_2
701,0.08193206787109375,1685206707.1040518,1685206707.185984,ThreadPoolExecutor-1_3
702,0.09140133857727051,1685206707.1110418,1685206707.2024431,ThreadPoolExecutor-1_0
703,0.08637213706970215,1685206707.11951,1685206707.205882,ThreadPoolExecutor-1_1
704,0.08382320404052734,1685206707.1751883,1685206707.2590115,ThreadPoolExecutor-1_2
705,0.08421206474304199,1685206707.185984,1685206707.270196,ThreadPoolExecutor-1_3
706,0.09369707107543945,1685206707.2028902,1685206707.2965872,ThreadPoolExecutor-1_0
707,0.09333086013793945,1685206707.2068949,1685206707.3002257,ThreadPoolExecutor-1_1
708,0.0866084098815918,1685206707.2593217,1685206707.34593,ThreadPoolExecutor-1_2
709,0.08518481254577637,1685206707.2707956,1685206707.3559804,ThreadPoolExecutor-1_3
710,0.0924077033996582,1685206707.301234,1685206707.3936417,ThreadPoolExecutor-1_1
711,0.10385346412658691,1685206707.2965872,1685206707.4004407,ThreadPoolExecutor-1_0
712,0.09185600280761719,1685206707.34593,1685206707.437786,ThreadPoolExecutor-1_2
713,0.08829593658447266,1685206707.3569832,1685206707.4452791,ThreadPoolExecutor-1_3
714,0.08938765525817871,1685206707.394468,1685206707.4838557,ThreadPoolExecutor-1_1
715,0.09571290016174316,1685206707.4004407,1685206707.4961536,ThreadPoolExecutor-1_0
716,0.08637523651123047,1685206707.4387376,1685206707.5251129,ThreadPoolExecutor-1_2
717,0.08975839614868164,1685206707.4458203,1685206707.5355787,ThreadPoolExecutor-1_3
718,0.09302663803100586,1685206707.4848516,1685206707.5778782,ThreadPoolExecutor-1_1
719,0.0910491943359375,1685206707.4961536,1685206707.5872028,ThreadPoolExecutor-1_0
720,0.0897362232208252,1685206707.5251129,1685206707.614849,ThreadPoolExecutor-1_2
721,0.0881812572479248,1685206707.5355787,1685206707.62376,ThreadPoolExecutor-1_3
722,0.09220767021179199,1685206707.5778782,1685206707.670086,ThreadPoolExecutor-1_1
723,0.08435559272766113,1685206707.5877347,1685206707.6720903,ThreadPoolExecutor-1_0
724,0.08548808097839355,1685206707.614984,1685206707.700472,ThreadPoolExecutor-1_2
725,0.07878994941711426,1685206707.62376,1685206707.70255,ThreadPoolExecutor-1_3
726,0.08518743515014648,1685206707.6720903,1685206707.7572777,ThreadPoolExecutor-1_0
727,0.09291791915893555,1685206707.670086,1685206707.7630038,ThreadPoolExecutor-1_1
728,0.07562088966369629,1685206707.700472,1685206707.776093,ThreadPoolExecutor-1_2
729,0.08196234703063965,1685206707.70255,1685206707.7845123,ThreadPoolExecutor-1_3
730,0.09053206443786621,1685206707.7574446,1685206707.8479767,ThreadPoolExecutor-1_0
731,0.09202289581298828,1685206707.7630038,1685206707.8550267,ThreadPoolExecutor-1_1
732,0.09601068496704102,1685206707.776093,1685206707.8721037,ThreadPoolExecutor-1_2
733,0.09300899505615234,1685206707.7850032,1685206707.8780122,ThreadPoolExecutor-1_3
734,0.08995175361633301,1685206707.8479767,1685206707.9379284,ThreadPoolExecutor-1_0
735,0.08983135223388672,1685206707.8550267,1685206707.944858,ThreadPoolExecutor-1_1
736,0.08136701583862305,1685206707.8721037,1685206707.9534707,ThreadPoolExecutor-1_2
737,0.08346390724182129,1685206707.8782845,1685206707.9617484,ThreadPoolExecutor-1_3
738,0.07895255088806152,1685206707.9536738,1685206708.0326264,ThreadPoolExecutor-1_2
739,0.10171055793762207,1685206707.9379284,1685206708.039639,ThreadPoolExecutor-1_0
740,0.1028294563293457,1685206707.944858,1685206708.0476875,ThreadPoolExecutor-1_1
741,0.08765697479248047,1685206707.9624662,1685206708.0501232,ThreadPoolExecutor-1_3
742,0.0863809585571289,1685206708.0326264,1685206708.1190073,ThreadPoolExecutor-1_2
743,0.08966779708862305,1685206708.0408258,1685206708.1304936,ThreadPoolExecutor-1_0
744,0.08818316459655762,1685206708.0509167,1685206708.1390998,ThreadPoolExecutor-1_3
745,0.10146856307983398,1685206708.0476875,1685206708.149156,ThreadPoolExecutor-1_1
746,0.08334684371948242,1685206708.1190073,1685206708.2023542,ThreadPoolExecutor-1_2
747,0.08093142509460449,1685206708.131428,1685206708.2123594,ThreadPoolExecutor-1_0
748,0.08993315696716309,1685206708.1404223,1685206708.2303555,ThreadPoolExecutor-1_3
749,0.08502531051635742,1685206708.1493516,1685206708.234377,ThreadPoolExecutor-1_1
750,0.0827789306640625,1685206708.2033553,1685206708.2861342,ThreadPoolExecutor-1_2
751,0.08263301849365234,1685206708.2123594,1685206708.2949924,ThreadPoolExecutor-1_0
752,0.07762551307678223,1685206708.2303555,1685206708.307981,ThreadPoolExecutor-1_3
753,0.08499860763549805,1685206708.234377,1685206708.3193755,ThreadPoolExecutor-1_1
754,0.07707691192626953,1685206708.28713,1685206708.364207,ThreadPoolExecutor-1_2
755,0.08197259902954102,1685206708.2949924,1685206708.376965,ThreadPoolExecutor-1_0
756,0.07714676856994629,1685206708.307981,1685206708.3851278,ThreadPoolExecutor-1_3
757,0.08181357383728027,1685206708.3199544,1685206708.401768,ThreadPoolExecutor-1_1
758,0.07756328582763672,1685206708.364207,1685206708.4417703,ThreadPoolExecutor-1_2
759,0.08496570587158203,1685206708.376965,1685206708.4619308,ThreadPoolExecutor-1_0
760,0.07928752899169922,1685206708.385494,1685206708.4647815,ThreadPoolExecutor-1_3
761,0.07994484901428223,1685206708.402543,1685206708.482488,ThreadPoolExecutor-1_1
762,0.07809257507324219,1685206708.4417703,1685206708.519863,ThreadPoolExecutor-1_2
763,0.08230066299438477,1685206708.4619308,1685206708.5442314,ThreadPoolExecutor-1_0
764,0.08645248413085938,1685206708.4647815,1685206708.551234,ThreadPoolExecutor-1_3
765,0.08374524116516113,1685206708.482488,1685206708.5662332,ThreadPoolExecutor-1_1
766,0.07871437072753906,1685206708.52031,1685206708.5990243,ThreadPoolExecutor-1_2
767,0.07926416397094727,1685206708.551532,1685206708.6307962,ThreadPoolExecutor-1_3
768,0.08957624435424805,1685206708.5442314,1685206708.6338077,ThreadPoolExecutor-1_0
769,0.08110928535461426,1685206708.5672352,1685206708.6483445,ThreadPoolExecutor-1_1
770,0.07848000526428223,1685206708.5994418,1685206708.6779218,ThreadPoolExecutor-1_2
771,0.08515405654907227,1685206708.6347635,1685206708.7199175,ThreadPoolExecutor-1_0
772,0.09559392929077148,1685206708.6307962,1685206708.7263901,ThreadPoolExecutor-1_3
773,0.08759641647338867,1685206708.6483445,1685206708.735941,ThreadPoolExecutor-1_1
774,0.0791935920715332,1685206708.6779218,1685206708.7571154,ThreadPoolExecutor-1_2
775,0.08797740936279297,1685206708.7199175,1685206708.807895,ThreadPoolExecutor-1_0
776,0.0862424373626709,1685206708.7266831,1685206708.8129256,ThreadPoolExecutor-1_3
777,0.08498382568359375,1685206708.73637,1685206708.821354,ThreadPoolExecutor-1_1
778,0.07811975479125977,1685206708.7577996,1685206708.8359194,ThreadPoolExecutor-1_2
779,0.07938289642333984,1685206708.807895,1685206708.8872778,ThreadPoolExecutor-1_0
780,0.0839533805847168,1685206708.8129256,1685206708.896879,ThreadPoolExecutor-1_3
781,0.08480238914489746,1685206708.821354,1685206708.9061563,ThreadPoolExecutor-1_1
782,0.07812738418579102,1685206708.8360937,1685206708.914221,ThreadPoolExecutor-1_2
783,0.07915401458740234,1685206708.8872778,1685206708.9664319,ThreadPoolExecutor-1_0
784,0.09520220756530762,1685206708.8978803,1685206708.9930825,ThreadPoolExecutor-1_3
785,0.08331751823425293,1685206708.914221,1685206708.9975386,ThreadPoolExecutor-1_2
786,0.09861469268798828,1685206708.9061563,1685206709.004771,ThreadPoolExecutor-1_1
787,0.0790712833404541,1685206708.9667153,1685206709.0457866,ThreadPoolExecutor-1_0
788,0.09027600288391113,1685206708.9935062,1685206709.0837822,ThreadPoolExecutor-1_3
789,0.09627938270568848,1685206708.9984987,1685206709.094778,ThreadPoolExecutor-1_2
790,0.09600424766540527,1685206709.004771,1685206709.1007752,ThreadPoolExecutor-1_1
791,0.07699751853942871,1685206709.0457866,1685206709.1227841,ThreadPoolExecutor-1_0
792,0.08925604820251465,1685206709.0837822,1685206709.1730382,ThreadPoolExecutor-1_3
793,0.08060741424560547,1685206709.10093,1685206709.1815374,ThreadPoolExecutor-1_1
794,0.0945436954498291,1685206709.0949345,1685206709.1894782,ThreadPoolExecutor-1_2
795,0.07775139808654785,1685206709.1227841,1685206709.2005355,ThreadPoolExecutor-1_0
796,0.08413386344909668,1685206709.1730382,1685206709.257172,ThreadPoolExecutor-1_3
797,0.08498573303222656,1685206709.1901214,1685206709.2751071,ThreadPoolExecutor-1_2
798,0.08593225479125977,1685206709.2011352,1685206709.2870674,ThreadPoolExecutor-1_0
799,0.10748839378356934,1685206709.1815374,1685206709.2890258,ThreadPoolExecutor-1_1
800,0.0835268497467041,1685206709.257172,1685206709.340699,ThreadPoolExecutor-1_3
801,0.09558415412902832,1685206709.2751071,1685206709.3706913,ThreadPoolExecutor-1_2
802,0.09308290481567383,1685206709.2890258,1685206709.3821087,ThreadPoolExecutor-1_1
803,0.10096406936645508,1685206709.2870674,1685206709.3880315,ThreadPoolExecutor-1_0
804,0.08194255828857422,1685206709.340699,1685206709.4226415,ThreadPoolExecutor-1_3
805,0.0923771858215332,1685206709.3706913,1685206709.4630685,ThreadPoolExecutor-1_2
806,0.08881759643554688,1685206709.3824487,1685206709.4712663,ThreadPoolExecutor-1_1
807,0.08859443664550781,1685206709.388294,1685206709.4768884,ThreadPoolExecutor-1_0
808,0.08168196678161621,1685206709.4235733,1685206709.5052552,ThreadPoolExecutor-1_3
809,0.09878706932067871,1685206709.4630685,1685206709.5618556,ThreadPoolExecutor-1_2
810,0.09906578063964844,1685206709.4712663,1685206709.570332,ThreadPoolExecutor-1_1
811,0.09945988655090332,1685206709.4778867,1685206709.5773466,ThreadPoolExecutor-1_0
812,0.08447051048278809,1685206709.5052552,1685206709.5897257,ThreadPoolExecutor-1_3
813,0.1057136058807373,1685206709.5620892,1685206709.6678028,ThreadPoolExecutor-1_2
814,0.0923304557800293,1685206709.578466,1685206709.6707964,ThreadPoolExecutor-1_0
815,0.11239957809448242,1685206709.570332,1685206709.6827316,ThreadPoolExecutor-1_1
816,0.09688425064086914,1685206709.5897257,1685206709.68661,ThreadPoolExecutor-1_3
817,0.09144759178161621,1685206709.6707964,1685206709.762244,ThreadPoolExecutor-1_0
818,0.09319663047790527,1685206709.6831903,1685206709.776387,ThreadPoolExecutor-1_1
819,0.09168148040771484,1685206709.6868675,1685206709.778549,ThreadPoolExecutor-1_3
820,0.11537337303161621,1685206709.6678028,1685206709.7831762,ThreadPoolExecutor-1_2
821,0.08420681953430176,1685206709.762244,1685206709.8464508,ThreadPoolExecutor-1_0
822,0.09465146064758301,1685206709.7831762,1685206709.8778276,ThreadPoolExecutor-1_2
823,0.10572052001953125,1685206709.778549,1685206709.8842695,ThreadPoolExecutor-1_3
824,0.10944414138793945,1685206709.776387,1685206709.885831,ThreadPoolExecutor-1_1
825,0.08360671997070312,1685206709.847323,1685206709.9309297,ThreadPoolExecutor-1_0
826,0.09805822372436523,1685206709.8778276,1685206709.9758859,ThreadPoolExecutor-1_2
827,0.09543895721435547,1685206709.8842695,1685206709.9797084,ThreadPoolExecutor-1_3
828,0.09895110130310059,1685206709.885831,1685206709.9847822,ThreadPoolExecutor-1_1
829,0.0825493335723877,1685206709.9309297,1685206710.013479,ThreadPoolExecutor-1_0
830,0.09354901313781738,1685206709.9763787,1685206710.0699277,ThreadPoolExecutor-1_2
831,0.10419917106628418,1685206709.9805627,1685206710.0847619,ThreadPoolExecutor-1_3
832,0.10329365730285645,1685206709.9847822,1685206710.0880759,ThreadPoolExecutor-1_1
833,0.08672857284545898,1685206710.013479,1685206710.1002076,ThreadPoolExecutor-1_0
834,0.09488844871520996,1685206710.0699277,1685206710.1648161,ThreadPoolExecutor-1_2
835,0.09198403358459473,1685206710.0847619,1685206710.176746,ThreadPoolExecutor-1_3
836,0.09095382690429688,1685206710.100924,1685206710.1918778,ThreadPoolExecutor-1_0
837,0.11144304275512695,1685206710.0880759,1685206710.199519,ThreadPoolExecutor-1_1
838,0.08810067176818848,1685206710.1648161,1685206710.2529168,ThreadPoolExecutor-1_2
839,0.08732008934020996,1685206710.1769595,1685206710.2642796,ThreadPoolExecutor-1_3
840,0.0895843505859375,1685206710.1918778,1685206710.2814622,ThreadPoolExecutor-1_0
841,0.09034061431884766,1685206710.199519,1685206710.2898595,ThreadPoolExecutor-1_1
842,0.09123468399047852,1685206710.2529168,1685206710.3441515,ThreadPoolExecutor-1_2
843,0.08364129066467285,1685206710.2642796,1685206710.347921,ThreadPoolExecutor-1_3
844,0.0856010913848877,1685206710.2814622,1685206710.3670633,ThreadPoolExecutor-1_0
845,0.08641958236694336,1685206710.2901797,1685206710.3765993,ThreadPoolExecutor-1_1
846,0.09197282791137695,1685206710.3449984,1685206710.4369712,ThreadPoolExecutor-1_2
847,0.09674263000488281,1685206710.347921,1685206710.4446635,ThreadPoolExecutor-1_3
848,0.09225296974182129,1685206710.3670633,1685206710.4593163,ThreadPoolExecutor-1_0
849,0.08672118186950684,1685206710.3765993,1685206710.4633205,ThreadPoolExecutor-1_1
850,0.0902864933013916,1685206710.4379907,1685206710.5282772,ThreadPoolExecutor-1_2
851,0.08831667900085449,1685206710.4450307,1685206710.5333474,ThreadPoolExecutor-1_3
852,0.0888679027557373,1685206710.4593163,1685206710.5481842,ThreadPoolExecutor-1_0
853,0.09612560272216797,1685206710.4633205,1685206710.559446,ThreadPoolExecutor-1_1
854,0.08819317817687988,1685206710.5293136,1685206710.6175067,ThreadPoolExecutor-1_2
855,0.09322619438171387,1685206710.5333474,1685206710.6265736,ThreadPoolExecutor-1_3
856,0.07991290092468262,1685206710.5597894,1685206710.6397023,ThreadPoolExecutor-1_1
857,0.09653282165527344,1685206710.5481842,1685206710.644717,ThreadPoolExecutor-1_0
858,0.07966446876525879,1685206710.6181455,1685206710.69781,ThreadPoolExecutor-1_2
859,0.08607888221740723,1685206710.6265736,1685206710.7126524,ThreadPoolExecutor-1_3
860,0.08635663986206055,1685206710.6397023,1685206710.726059,ThreadPoolExecutor-1_1
861,0.08418965339660645,1685206710.6452281,1685206710.7294178,ThreadPoolExecutor-1_0
862,0.08077692985534668,1685206710.69781,1685206710.7785869,ThreadPoolExecutor-1_2
863,0.0855555534362793,1685206710.7134175,1685206710.798973,ThreadPoolExecutor-1_3
864,0.08381986618041992,1685206710.7262003,1685206710.8100202,ThreadPoolExecutor-1_1
865,0.08875751495361328,1685206710.7302084,1685206710.818966,ThreadPoolExecutor-1_0
866,0.08034706115722656,1685206710.7785869,1685206710.858934,ThreadPoolExecutor-1_2
867,0.0869596004486084,1685206710.798973,1685206710.8859327,ThreadPoolExecutor-1_3
868,0.08349609375,1685206710.8111827,1685206710.8946788,ThreadPoolExecutor-1_1
869,0.08217930793762207,1685206710.819756,1685206710.9019353,ThreadPoolExecutor-1_0
870,0.0789494514465332,1685206710.8599463,1685206710.9388957,ThreadPoolExecutor-1_2
871,0.0914149284362793,1685206710.8864193,1685206710.9778342,ThreadPoolExecutor-1_3
872,0.08807659149169922,1685206710.9019353,1685206710.990012,ThreadPoolExecutor-1_0
873,0.09691596031188965,1685206710.895108,1685206710.992024,ThreadPoolExecutor-1_1
874,0.07716226577758789,1685206710.9398508,1685206711.017013,ThreadPoolExecutor-1_2
875,0.0889434814453125,1685206710.9778342,1685206711.0667777,ThreadPoolExecutor-1_3
876,0.08970904350280762,1685206710.990012,1685206711.079721,ThreadPoolExecutor-1_0
877,0.09375882148742676,1685206710.9930172,1685206711.086776,ThreadPoolExecutor-1_1
878,0.07751059532165527,1685206711.017811,1685206711.0953217,ThreadPoolExecutor-1_2
879,0.08182930946350098,1685206711.0667777,1685206711.148607,ThreadPoolExecutor-1_3
880,0.08840680122375488,1685206711.0872705,1685206711.1756773,ThreadPoolExecutor-1_1
881,0.08426594734191895,1685206711.0953217,1685206711.1795876,ThreadPoolExecutor-1_2
882,0.10193204879760742,1685206711.079721,1685206711.181653,ThreadPoolExecutor-1_0
883,0.08266210556030273,1685206711.148607,1685206711.2312691,ThreadPoolExecutor-1_3
884,0.09513092041015625,1685206711.181653,1685206711.276784,ThreadPoolExecutor-1_0
885,0.10484862327575684,1685206711.1800117,1685206711.2848604,ThreadPoolExecutor-1_2
886,0.1119546890258789,1685206711.1756773,1685206711.287632,ThreadPoolExecutor-1_1
887,0.08222436904907227,1685206711.232266,1685206711.3144903,ThreadPoolExecutor-1_3
888,0.08107638359069824,1685206711.276784,1685206711.3578603,ThreadPoolExecutor-1_0
889,0.08117365837097168,1685206711.287632,1685206711.3688056,ThreadPoolExecutor-1_1
890,0.09411334991455078,1685206711.2848604,1685206711.3789737,ThreadPoolExecutor-1_2
891,0.0817117691040039,1685206711.3144903,1685206711.396202,ThreadPoolExecutor-1_3
892,0.10367012023925781,1685206711.3578603,1685206711.4615304,ThreadPoolExecutor-1_0
893,0.09471893310546875,1685206711.3688056,1685206711.4635246,ThreadPoolExecutor-1_1
894,0.09287786483764648,1685206711.3789737,1685206711.4718516,ThreadPoolExecutor-1_2
895,0.08486533164978027,1685206711.396202,1685206711.4810674,ThreadPoolExecutor-1_3
896,0.08838319778442383,1685206711.4615304,1685206711.5499136,ThreadPoolExecutor-1_0
897,0.09335017204284668,1685206711.4718516,1685206711.5652018,ThreadPoolExecutor-1_2
898,0.1095890998840332,1685206711.4646137,1685206711.5742028,ThreadPoolExecutor-1_1
899,0.0960078239440918,1685206711.481135,1685206711.5771427,ThreadPoolExecutor-1_3
900,0.07891297340393066,1685206711.5504518,1685206711.6293647,ThreadPoolExecutor-1_0
901,0.09204697608947754,1685206711.5653503,1685206711.6573973,ThreadPoolExecutor-1_2
902,0.09071826934814453,1685206711.574779,1685206711.6654973,ThreadPoolExecutor-1_1
903,0.09644317626953125,1685206711.5771427,1685206711.673586,ThreadPoolExecutor-1_3
904,0.07848167419433594,1685206711.6293647,1685206711.7078464,ThreadPoolExecutor-1_0
905,0.08233523368835449,1685206711.658457,1685206711.7407923,ThreadPoolExecutor-1_2
906,0.08527278900146484,1685206711.6737535,1685206711.7590263,ThreadPoolExecutor-1_3
907,0.09914755821228027,1685206711.665966,1685206711.7651136,ThreadPoolExecutor-1_1
908,0.07720041275024414,1685206711.7088025,1685206711.7860029,ThreadPoolExecutor-1_0
909,0.07720685005187988,1685206711.7407923,1685206711.8179991,ThreadPoolExecutor-1_2
910,0.09070420265197754,1685206711.7594578,1685206711.850162,ThreadPoolExecutor-1_3
911,0.08794116973876953,1685206711.7651136,1685206711.8530548,ThreadPoolExecutor-1_1
912,0.07866859436035156,1685206711.7860029,1685206711.8646715,ThreadPoolExecutor-1_0
913,0.06972169876098633,1685206711.8192656,1685206711.8889873,ThreadPoolExecutor-1_2
914,0.08981013298034668,1685206711.850162,1685206711.9399722,ThreadPoolExecutor-1_3
915,0.08456897735595703,1685206711.8658485,1685206711.9504175,ThreadPoolExecutor-1_0
916,0.09929442405700684,1685206711.8530548,1685206711.9523492,ThreadPoolExecutor-1_1
917,0.07535409927368164,1685206711.8889873,1685206711.9643414,ThreadPoolExecutor-1_2
918,0.1060647964477539,1685206711.9399722,1685206712.046037,ThreadPoolExecutor-1_3
919,0.10043215751647949,1685206711.9523492,1685206712.0527813,ThreadPoolExecutor-1_1
920,0.11053776741027832,1685206711.9504175,1685206712.0609553,ThreadPoolExecutor-1_0
921,0.0982048511505127,1685206711.9653394,1685206712.0635443,ThreadPoolExecutor-1_2
922,0.09636116027832031,1685206712.046037,1685206712.142398,ThreadPoolExecutor-1_3
923,0.09713435173034668,1685206712.0527813,1685206712.1499157,ThreadPoolExecutor-1_1
924,0.09545087814331055,1685206712.0635443,1685206712.1589952,ThreadPoolExecutor-1_2
925,0.10300827026367188,1685206712.0609553,1685206712.1639636,ThreadPoolExecutor-1_0
926,0.08093094825744629,1685206712.1430595,1685206712.2239904,ThreadPoolExecutor-1_3
927,0.09892535209655762,1685206712.1499157,1685206712.248841,ThreadPoolExecutor-1_1
928,0.09157443046569824,1685206712.1592793,1685206712.2508538,ThreadPoolExecutor-1_2
929,0.09688925743103027,1685206712.1639636,1685206712.2608528,ThreadPoolExecutor-1_0
930,0.07916831970214844,1685206712.2239904,1685206712.3031588,ThreadPoolExecutor-1_3
931,0.0910029411315918,1685206712.248841,1685206712.339844,ThreadPoolExecutor-1_1
932,0.09805631637573242,1685206712.2508538,1685206712.34891,ThreadPoolExecutor-1_2
933,0.09220623970031738,1685206712.261211,1685206712.3534172,ThreadPoolExecutor-1_0
934,0.07740926742553711,1685206712.3038397,1685206712.381249,ThreadPoolExecutor-1_3
935,0.08806419372558594,1685206712.339844,1685206712.4279082,ThreadPoolExecutor-1_1
936,0.08300447463989258,1685206712.34891,1685206712.4319146,ThreadPoolExecutor-1_2
937,0.08502578735351562,1685206712.3534172,1685206712.438443,ThreadPoolExecutor-1_0
938,0.07646656036376953,1685206712.382006,1685206712.4584725,ThreadPoolExecutor-1_3
939,0.08825039863586426,1685206712.4279082,1685206712.5161586,ThreadPoolExecutor-1_1
940,0.09444475173950195,1685206712.4319146,1685206712.5263593,ThreadPoolExecutor-1_2
941,0.09002232551574707,1685206712.439134,1685206712.5291562,ThreadPoolExecutor-1_0
942,0.0784764289855957,1685206712.4595528,1685206712.5380292,ThreadPoolExecutor-1_3
943,0.08600783348083496,1685206712.5161586,1685206712.6021664,ThreadPoolExecutor-1_1
944,0.09219574928283691,1685206712.5268276,1685206712.6190233,ThreadPoolExecutor-1_2
945,0.09451484680175781,1685206712.5300212,1685206712.624536,ThreadPoolExecutor-1_0
946,0.09395503997802734,1685206712.5390213,1685206712.6329763,ThreadPoolExecutor-1_3
947,0.07905411720275879,1685206712.6021664,1685206712.6812205,ThreadPoolExecutor-1_1
948,0.09928369522094727,1685206712.6190233,1685206712.718307,ThreadPoolExecutor-1_2
949,0.09740877151489258,1685206712.624536,1685206712.7219448,ThreadPoolExecutor-1_0
950,0.09623503684997559,1685206712.6333597,1685206712.7295947,ThreadPoolExecutor-1_3
951,0.07915997505187988,1685206712.6817687,1685206712.7609286,ThreadPoolExecutor-1_1
952,0.08480358123779297,1685206712.7219448,1685206712.8067484,ThreadPoolExecutor-1_0
953,0.09602475166320801,1685206712.718722,1685206712.8147469,ThreadPoolExecutor-1_2
954,0.09221100807189941,1685206712.7299938,1685206712.8222048,ThreadPoolExecutor-1_3
955,0.07932567596435547,1685206712.7610679,1685206712.8403935,ThreadPoolExecutor-1_1
956,0.09004616737365723,1685206712.8077724,1685206712.8978186,ThreadPoolExecutor-1_0
957,0.08559632301330566,1685206712.8227487,1685206712.908345,ThreadPoolExecutor-1_3
958,0.09715628623962402,1685206712.8149574,1685206712.9121137,ThreadPoolExecutor-1_2
959,0.083648681640625,1685206712.8403935,1685206712.9240422,ThreadPoolExecutor-1_1
960,0.08445000648498535,1685206712.8987775,1685206712.9832275,ThreadPoolExecutor-1_0
961,0.10025525093078613,1685206712.9131074,1685206713.0133626,ThreadPoolExecutor-1_2
962,0.09154176712036133,1685206712.9240422,1685206713.015584,ThreadPoolExecutor-1_1
963,0.1159822940826416,1685206712.9091058,1685206713.025088,ThreadPoolExecutor-1_3
964,0.07852339744567871,1685206712.9832275,1685206713.061751,ThreadPoolExecutor-1_0
965,0.08765816688537598,1685206713.0133626,1685206713.1010208,ThreadPoolExecutor-1_2
966,0.08943986892700195,1685206713.015584,1685206713.1050239,ThreadPoolExecutor-1_1
967,0.08620905876159668,1685206713.025088,1685206713.1112971,ThreadPoolExecutor-1_3
968,0.07525897026062012,1685206713.061751,1685206713.1370099,ThreadPoolExecutor-1_0
969,0.09100985527038574,1685206713.1010208,1685206713.1920307,ThreadPoolExecutor-1_2
970,0.08673095703125,1685206713.1112971,1685206713.198028,ThreadPoolExecutor-1_3
971,0.09845829010009766,1685206713.1050239,1685206713.2034822,ThreadPoolExecutor-1_1
972,0.07576727867126465,1685206713.1370099,1685206713.2127771,ThreadPoolExecutor-1_0
973,0.08789491653442383,1685206713.1920307,1685206713.2799256,ThreadPoolExecutor-1_2
974,0.09037423133850098,1685206713.199011,1685206713.2893853,ThreadPoolExecutor-1_3
975,0.09567928314208984,1685206713.204027,1685206713.2997062,ThreadPoolExecutor-1_1
976,0.09215211868286133,1685206713.2134073,1685206713.3055594,ThreadPoolExecutor-1_0
977,0.08661675453186035,1685206713.2809231,1685206713.36754,ThreadPoolExecutor-1_2
978,0.09456181526184082,1685206713.289588,1685206713.3841498,ThreadPoolExecutor-1_3
979,0.09199953079223633,1685206713.2998493,1685206713.3918488,ThreadPoolExecutor-1_1
980,0.09255838394165039,1685206713.305791,1685206713.3983493,ThreadPoolExecutor-1_0
981,0.0799870491027832,1685206713.36754,1685206713.447527,ThreadPoolExecutor-1_2
982,0.08986926078796387,1685206713.3932343,1685206713.4831035,ThreadPoolExecutor-1_1
983,0.10423135757446289,1685206713.3846471,1685206713.4888785,ThreadPoolExecutor-1_3
984,0.09455060958862305,1685206713.3983493,1685206713.4929,ThreadPoolExecutor-1_0
985,0.07907795906066895,1685206713.4480662,1685206713.5271442,ThreadPoolExecutor-1_2
986,0.10204219818115234,1685206713.4831035,1685206713.5851457,ThreadPoolExecutor-1_1
987,0.0997471809387207,1685206713.4891932,1685206713.5889404,ThreadPoolExecutor-1_3
988,0.10307931900024414,1685206713.4938478,1685206713.5969272,ThreadPoolExecutor-1_0
989,0.08162522315979004,1685206713.5271442,1685206713.6087694,ThreadPoolExecutor-1_2
990,0.08475780487060547,1685206713.5851457,1685206713.6699035,ThreadPoolExecutor-1_1
991,0.09284162521362305,1685206713.5889404,1685206713.681782,ThreadPoolExecutor-1_3
992,0.08462285995483398,1685206713.6087694,1685206713.6933923,ThreadPoolExecutor-1_2
993,0.10112738609313965,1685206713.597722,1685206713.6988494,ThreadPoolExecutor-1_0
994,0.08364391326904297,1685206713.6699035,1685206713.7535474,ThreadPoolExecutor-1_1
995,0.08352422714233398,1685206713.6820047,1685206713.765529,ThreadPoolExecutor-1_3
996,0.09189319610595703,1685206713.6933923,1685206713.7852855,ThreadPoolExecutor-1_2
997,0.09201765060424805,1685206713.6988494,1685206713.790867,ThreadPoolExecutor-1_0
998,0.07860708236694336,1685206713.7546148,1685206713.833222,ThreadPoolExecutor-1_1
999,0.0789327621459961,1685206713.7661157,1685206713.8450484,ThreadPoolExecutor-1_3
1000,0.08775806427001953,1685206713.7852855,1685206713.8730435,ThreadPoolExecutor-1_2
1001,0.09116983413696289,1685206713.790867,1685206713.882037,ThreadPoolExecutor-1_0
1002,0.08223915100097656,1685206713.833222,1685206713.915461,ThreadPoolExecutor-1_1
1003,0.08213090896606445,1685206713.8458676,1685206713.9279985,ThreadPoolExecutor-1_3
1004,0.09535884857177734,1685206713.8736203,1685206713.9689791,ThreadPoolExecutor-1_2
1005,0.09238314628601074,1685206713.8823857,1685206713.9747689,ThreadPoolExecutor-1_0
1006,0.08472418785095215,1685206713.915461,1685206714.0001853,ThreadPoolExecutor-1_1
1007,0.08183431625366211,1685206713.9281404,1685206714.0099747,ThreadPoolExecutor-1_3
1008,0.08709859848022461,1685206713.9697304,1685206714.056829,ThreadPoolExecutor-1_2
1009,0.09072160720825195,1685206713.9747689,1685206714.0654905,ThreadPoolExecutor-1_0
1010,0.08084368705749512,1685206714.0001853,1685206714.081029,ThreadPoolExecutor-1_1
1011,0.07925128936767578,1685206714.0099747,1685206714.089226,ThreadPoolExecutor-1_3
1012,0.08360481262207031,1685206714.0658076,1685206714.1494124,ThreadPoolExecutor-1_0
1013,0.09755277633666992,1685206714.056829,1685206714.1543818,ThreadPoolExecutor-1_2
1014,0.08897519111633301,1685206714.081029,1685206714.1700041,ThreadPoolExecutor-1_1
1015,0.0835576057434082,1685206714.0903552,1685206714.1739128,ThreadPoolExecutor-1_3
1016,0.09345889091491699,1685206714.1503234,1685206714.2437823,ThreadPoolExecutor-1_0
1017,0.09738636016845703,1685206714.1543818,1685206714.251768,ThreadPoolExecutor-1_2
1018,0.08699631690979004,1685206714.1747904,1685206714.2617867,ThreadPoolExecutor-1_3
1019,0.09301114082336426,1685206714.1707764,1685206714.2637875,ThreadPoolExecutor-1_1
1020,0.08728218078613281,1685206714.2447696,1685206714.3320518,ThreadPoolExecutor-1_0
1021,0.08492684364318848,1685206714.2521052,1685206714.337032,ThreadPoolExecutor-1_2
1022,0.09124970436096191,1685206714.2647853,1685206714.356035,ThreadPoolExecutor-1_1
1023,0.09524846076965332,1685206714.2627842,1685206714.3580327,ThreadPoolExecutor-1_3
